Ticker,First Date,Last Date,Days Coverage,Data Points,Missing Points,Completion %,10 Year Coverage
ADVANC.BK,2016-04-11,2026-04-10,3651,2428,0,100.0,True
AKR.BK,2016-04-11,2026-04-10,3651,2428,0,100.0,True
AOT.BK,2016-04-11,2026-04-10,3651,2428,0,100.0,True
AP.BK,2016-04-11,2026-04-10,3651,2428,0,100.0,True
ASAP.BK,2017-03-30,2026-04-10,3298,2193,0,100.0,False
ASIAN.BK,2016-04-11,2026-04-10,3651,2428,0,100.0,True
AWC.BK,2019-10-10,2026-04-10,2374,1575,0,100.0,False
BANPU.BK,2016-04-11,2026-04-10,3651,2428,0,100.0,True
BAY.BK,2016-04-11,2026-04-10,3651,2428,0,100.0,True
BBL.BK,2016-04-11,2026-04-10,3651,2428,0,100.0,True
BCH.BK,2016-04-11,2026-04-10,3651,2428,0,100.0,True
BCPG.BK,2016-09-28,2026-04-10,3481,2317,0,100.0,False
BCT.BK,2016-04-11,2026-04-10,3651,2428,0,100.0,True
BDMS.BK,2016-04-11,2026-04-10,3651,2428,0,100.0,True
BEM.BK,2016-04-11,2026-04-10,3651,2428,0,100.0,True
BGRIM.BK,2017-07-20,2026-04-10,3186,2120,0,100.0,False
BH.BK,2016-04-11,2026-04-10,3651,2428,0,100.0,True
BJC.BK,2016-04-11,2026-04-10,3651,2428,0,100.0,True
BRR.BK,2016-04-11,2026-04-10,3651,2428,0,100.0,True
BTS.BK,2016-04-11,2026-04-10,3651,2428,0,100.0,True
CBG.BK,2016-04-11,2026-04-10,3651,2428,0,100.0,True
CCET.BK,2016-04-11,2026-04-10,3651,2428,0,100.0,True
CENTEL.BK,2016-04-11,2026-04-10,3651,2428,0,100.0,True
CGD.BK,2016-04-11,2026-04-10,3651,2428,0,100.0,True
CHG.BK,2016-04-11,2026-04-10,3651,2428,0,100.0,True
CIMBT.BK,2016-04-11,2026-04-10,3651,2428,0,100.0,True
COM7.BK,2016-04-11,2026-04-10,3651,2428,0,100.0,True
CPALL.BK,2016-04-11,2026-04-10,3651,2428,0,100.0,True
CPF.BK,2016-04-11,2026-04-10,3651,2428,0,100.0,True
CPN.BK,2016-04-11,2026-04-10,3651,2428,0,100.0,True
CRC.BK,2020-02-20,2026-04-10,2241,1487,0,100.0,False
DELTA.BK,2016-04-11,2026-04-10,3651,2428,0,100.0,True
DRT.BK,2016-04-11,2026-04-10,3651,2428,0,100.0,True
EA.BK,2016-04-11,2026-04-10,3651,2428,0,100.0,True
EGCO.BK,2016-04-11,2026-04-10,3651,2428,0,100.0,True
ERW.BK,2016-04-11,2026-04-10,3651,2428,0,100.0,True
FPI.BK,2016-04-11,2026-04-10,3651,2428,0,100.0,True
FPT.BK,2016-04-11,2026-04-10,3651,2428,0,100.0,True
GLOBAL.BK,2016-04-11,2026-04-10,3651,2428,0,100.0,True
GPI.BK,2017-12-01,2026-04-10,3052,2029,0,100.0,False
GPSC.BK,2016-04-11,2026-04-10,3651,2428,0,100.0,True
GULF.BK,2025-04-03,2026-04-10,372,246,0,100.0,False
HANA.BK,2016-04-11,2026-04-10,3651,2428,0,100.0,True
HMPRO.BK,2016-04-11,2026-04-10,3651,2428,0,100.0,True
IRPC.BK,2016-04-11,2026-04-10,3651,2428,0,100.0,True
ITD.BK,2016-04-11,2026-04-10,3651,2428,0,100.0,True
IVL.BK,2016-04-11,2026-04-10,3651,2428,0,100.0,True
JAS.BK,2016-04-11,2026-04-10,3651,2428,0,100.0,True
JMART.BK,2016-04-11,2026-04-10,3651,2428,0,100.0,True
JMT.BK,2016-04-11,2026-04-10,3651,2428,0,100.0,True
KBANK.BK,2016-04-11,2026-04-10,3651,2428,0,100.0,True
KBS.BK,2016-04-11,2026-04-10,3651,2428,0,100.0,True
KCE.BK,2016-04-11,2026-04-10,3651,2428,0,100.0,True
KKP.BK,2016-04-11,2026-04-10,3651,2428,0,100.0,True
KSL.BK,2016-04-11,2026-04-10,3651,2428,0,100.0,True
KTB.BK,2016-04-11,2026-04-10,3651,2428,0,100.0,True
KTC.BK,2016-04-11,2026-04-10,3651,2428,0,100.0,True
LH.BK,2016-04-11,2026-04-10,3651,2428,0,100.0,True
MEGA.BK,2016-04-11,2026-04-10,3651,2428,0,100.0,True
MINT.BK,2016-04-11,2026-04-10,3651,2428,0,100.0,True
MTC.BK,2016-04-11,2026-04-10,3651,2428,0,100.0,True
NCH.BK,2016-04-11,2026-04-10,3651,2428,0,100.0,True
NOBLE.BK,2016-04-11,2026-04-10,3651,2428,0,100.0,True
OR.BK,2021-02-11,2026-04-10,1884,1250,0,100.0,False
OSP.BK,2018-10-17,2026-04-10,2732,1815,0,100.0,False
PF.BK,2016-04-11,2026-04-10,3651,2428,0,100.0,True
PG.BK,2016-04-11,2026-04-10,3651,2428,0,100.0,True
PRIN.BK,2016-04-11,2026-04-10,3651,2428,0,100.0,True
PSL.BK,2016-04-11,2026-04-10,3651,2428,0,100.0,True
PTT.BK,2016-04-11,2026-04-10,3651,2428,0,100.0,True
PTTEP.BK,2016-04-11,2026-04-10,3651,2428,0,100.0,True
PTTGC.BK,2016-04-11,2026-04-10,3651,2428,0,100.0,True
RATCH.BK,2016-04-11,2026-04-10,3651,2428,0,100.0,True
RBF.BK,2019-10-24,2026-04-10,2360,1567,0,100.0,False
RCL.BK,2016-04-11,2026-04-10,3651,2428,0,100.0,True
RML.BK,2016-04-11,2026-04-10,3651,2428,0,100.0,True
RS.BK,2016-04-11,2026-04-10,3651,2428,0,100.0,True
SAWAD.BK,2016-04-11,2026-04-10,3651,2428,0,100.0,True
SCB.BK,2022-04-20,2026-04-10,1451,962,4,99.58592132505176,False
SCC.BK,2016-04-11,2026-04-10,3651,2428,0,100.0,True
SCGP.BK,2020-10-22,2026-04-10,1996,1324,0,100.0,False
SITHAI.BK,2016-04-11,2026-04-10,3651,2428,0,100.0,True
SPALI.BK,2016-04-11,2026-04-10,3651,2428,0,100.0,True
SPRC.BK,2016-04-11,2026-04-10,3651,2428,0,100.0,True
STPI.BK,2016-04-11,2026-04-10,3651,2428,0,100.0,True
TCAP.BK,2016-04-11,2026-04-10,3651,2428,0,100.0,True
THANI.BK,2016-04-11,2026-04-10,3651,2428,0,100.0,True
TIDLOR.BK,2025-05-16,2026-04-10,329,221,0,100.0,False
TISCO.BK,2016-04-11,2026-04-10,3651,2428,0,100.0,True
TLI.BK,2022-07-25,2026-04-10,1355,903,0,100.0,False
TOP.BK,2016-04-11,2026-04-10,3651,2428,0,100.0,True
TR.BK,2016-04-11,2026-04-10,3651,2428,0,100.0,True
TRUE.BK,2016-04-11,2026-04-10,3651,2428,0,100.0,True
TTB.BK,2016-04-11,2026-04-10,3651,2428,0,100.0,True
TU.BK,2016-04-11,2026-04-10,3651,2428,0,100.0,True
TVO.BK,2016-04-11,2026-04-10,3651,2428,0,100.0,True
VGI.BK,2016-04-11,2026-04-10,3651,2428,0,100.0,True
WHA.BK,2016-04-11,2026-04-10,3651,2428,0,100.0,True
WPH.BK,2017-10-04,2026-04-10,3110,2068,0,100.0,False
XPG.BK,2016-04-11,2026-04-10,3651,2428,0,100.0,True
