Ticker,Company_Name,Sector,Current_Price,Market_Cap_B,FCF_M,WACC,EPS,PE_Ratio,Actual_Revenue_Growth,Implied_Growth_Rate,Intrinsic_Value,Premium_Discount,Growth_Differential,ROE,Debt_to_Equity,Recommendation
ADVANC.BK,Advanced Info Service Public Company Limited,Communication Services,363.0,1079.638163456,73674.265836,0.0409315242018266,16.12,22.51861,0.05,-22.356152534484863,363.0003404993056,9.380146159809755e-05,-27.356152534484863,0.46813,179.229,UNDervalued - Strong Buy
AOT.BK,Airports of Thailand Public Company Limited,Industrials,54.0,771.427794944,19814.444114,0.0452758037048472,1.23,43.90244,-0.046,-2.2472381591796875,53.999296454221216,-0.0013028625532984783,2.3527618408203126,0.13235,32.854,Fair Value - Hold
BBL.BK,Bangkok Bank Public Company Limited,Financial Services,166.0,316.867903488,115419.505,0.0966866052986345,24.1,6.8879666,-0.08,-24.01747703552246,166.0003574924322,0.0002153568868568101,-16.01747703552246,0.081879996,0.0,UNDervalued - Strong Buy
BDMS.BK,Bangkok Dusit Medical Services Public Company Limited,Healthcare,18.6,295.591247872,12023.20145,0.0546329611312018,1.0,18.6,0.043,-3.87115478515625,18.60082739621036,0.004448366722353825,-8.171154785156249,0.15302,15.896,UNDervalued - Buy
BGRIM.BK,B.Grimm Power Public Company Limited,Utilities,11.9,31.022108672,14613.76236,0.0442880835909683,0.29,41.03448,-0.007,-30.05695343017578,11.90069262547648,0.005820382155286019,-29.356953430175782,0.06437,245.686,UNDervalued - Strong Buy
BH.BK,Bumrungrad Hospital Public Company Limited,Healthcare,172.5,137.131737088,6156.105978,0.0453833918079145,8.66,19.919168,0.006,-15.380191802978516,172.4992701275098,-0.00042311448708032273,-15.980191802978517,0.25652,0.342,UNDervalued - Strong Buy
BJC.BK,Berli Jucker Public Company Limited,Industrials,15.1,60.517732352,10775.121733,0.034461761546634,1.0,15.1,-0.023,-26.742172241210938,15.099954707512252,-0.0002999502499823059,-24.442172241210937,0.03887,126.383,UNDervalued - Strong Buy
BTS.BK,BTS Group Holdings Public Company Limited,Industrials,2.14,34.440740864,38690.053065,0.0307837634542849,-0.07,0.0,0.125,-47.5006103515625,2.139420375111592,-0.02708527515926651,-60.0006103515625,-0.01854,193.565,UNDervalued - Strong Buy
CBG.BK,Carabao Group Public Company Limited,Consumer Defensive,38.0,38.000001024,2618.772574,0.0671722723957661,2.32,16.37931,-0.143,-7.68890380859375,38.000542616911865,0.0014279392417604342,6.611096191406249,0.16869,17.888,OVValued - Reduce
CCET.BK,Cal-Comp Electronics (Thailand) Public Company Limited,Technology,5.15,53.817516032,479.183641,0.0473022368000971,0.2,25.75,-0.099,28.607177734375,5.150574563709508,0.011156576883641911,38.507177734375,0.07944,84.985,OVValued - Avoid
CENTEL.BK,Central Plaza Hotel Public Company Limited,Consumer Cyclical,34.75,46.912499712,3455.380675,0.0393494568952684,1.48,23.479729,0.052,-19.84996795654297,34.75026249815517,0.0007553903746071455,-25.049967956542968,0.09017,140.611,UNDervalued - Strong Buy
COM7.BK,Com7 Public Company Limited,Consumer Cyclical,22.2,52.340916224,4798.417,0.0506032758526073,1.71,12.982456,0.127,-19.840240478515625,22.199846526689797,-0.0006913212171277827,-32.54024047851563,0.41224998,109.545,UNDervalued - Strong Buy
CPALL.BK,CP ALL Public Company Limited,Consumer Defensive,47.75,425.715269632,46683.198004,0.0457506712561043,3.1,15.403226,0.018,-17.527389526367188,47.75068828946192,0.0014414438993082257,-19.327389526367185,0.0979,133.418,UNDervalued - Strong Buy
CPF.BK,Charoen Pokphand Foods Public Company Limited,Consumer Defensive,20.8,158.74260992,54032.184,0.0125797896521707,3.12,6.6666665,-0.048,-38.802242279052734,20.800189022328258,0.0009087611935409967,-34.00224227905274,0.105100006,205.188,UNDervalued - Strong Buy
CPN.BK,Central Pattana Public Company Limited,Real Estate,63.5,284.988014592,36880.584847,0.0590740919169557,4.2,15.119048,0.07,-17.868995666503906,63.499903099127835,-0.00015259979868620377,-24.868995666503906,0.16740999,97.834,UNDervalued - Strong Buy
DELTA.BK,Delta Electronics (Thailand) Public Company Limited,Industrials,317.0,3954.1997568,13090.32855,0.0796233702728071,2.0,158.5,0.382,78.62558364868164,317.00091404157564,0.0002883411910570288,40.42558364868164,0.28091,1.515,OVValued - Avoid
EA.BK,Energy Absolute Public Company Limited,Utilities,2.66,19.755290624,6742.467021,0.0474620191012506,-0.67,0.0,-0.234,-25.4364013671875,2.6600362350438185,0.00136221969242456,-2.0364013671874988,-0.20472,144.527,Fair Value - Hold
EGCO.BK,Electricity Generating Public Company Limited,Utilities,111.5,58.700845056,3075.077,0.0449281107680182,8.98,12.416482,-0.231,-1.103830337524414,111.49928827360971,-0.0006383196325510099,21.996169662475587,0.04617,108.933,OVValued - Avoid
GLOBAL.BK,Siam Global House Public Company Limited,Consumer Cyclical,6.1,34.17218048,4738.61971,0.047110245005473,0.35,17.428572,0.0,-27.496337890625,6.100686016085436,0.011246165335010438,-27.496337890625,0.07651,43.398,UNDervalued - Strong Buy
GPSC.BK,Global Power Synergy Public Company Limited,Utilities,34.75,97.985593344,18801.443842,0.0563213030781592,2.27,15.308371,-0.096,-20.273399353027344,34.7494402679329,-0.001610739761448432,-10.673399353027344,0.06162,98.943,UNDervalued - Strong Buy
HMPRO.BK,Home Product Center Public Company Limited,Consumer Cyclical,6.3,81.638547456,5275.591533,0.0534241240402791,0.46,13.695652,-0.03,-9.9365234375,6.30016405810709,0.0026040969379526047,-6.9365234375,0.22728,98.037,UNDervalued - Buy
IVL.BK,Indorama Ventures Public Company Limited,Basic Materials,24.5,137.556525056,28234.835,0.0588563988873053,-1.47,0.0,-0.154,-14.0838623046875,24.500246470092634,0.001006000378089844,1.3161376953125,-0.05156,204.844,Fair Value - Hold
KBANK.BK,Kasikornbank Public Company Limited,Financial Services,192.0,454.910902272,210619.919,0.0535790963245611,20.62,9.311348,0.031,-50.0,307.3537665952267,60.08008676834724,-53.1,0.08453,0.0,UNRELIABLE - No Convergence
KCE.BK,KCE Electronics Public Company Limited,Technology,25.75,30.438780928,1921.877049,0.0733934725003983,0.7,36.785713,-0.067,-4.047393798828125,25.75078473785829,0.003047525663268935,2.652606201171875,0.06358,11.14,Fair Value - Hold
KKP.BK,Kiatnakin Phatra Bank Public Company Limited,Financial Services,80.0,66.784845824,23040.964,0.0859008064639886,7.17,11.157601,-0.022,-31.093215942382812,79.99981178329996,-0.00023527087504859878,-28.89321594238281,0.09297,0.0,UNDervalued - Strong Buy
KTB.BK,Krung Thai Bank Public Company Limited,Financial Services,33.0,461.210025984,191465.674,0.085618707918762,3.45,9.565217,-0.051,-35.40763854980469,32.99988263515199,-0.0003556510545732472,-30.30763854980469,0.11021,0.0,UNDervalued - Strong Buy
KTC.BK,Krungthai Card Public Company Limited,Financial Services,29.0,74.771685376,9122.825471,0.0420142377351207,3.02,9.602649,0.127,-24.347496032714844,28.999290247284424,-0.0024474231571591787,-37.04749603271485,0.18016,129.809,UNDervalued - Strong Buy
LH.BK,Land and Houses Public Company Limited,Real Estate,3.8,45.40891136,1776.33747,0.0477499189177493,0.31,12.258064,-0.315,10.99700927734375,3.800650554617736,0.017119858361480667,42.49700927734375,0.0,151.037,OVValued - Avoid
MINT.BK,Minor International Public Company Limited,Consumer Cyclical,22.5,126.55292416,23747.755517,0.0513227864066105,1.29,17.44186,0.042,-19.099807739257812,22.49925850979491,-0.003295512022627456,-23.299807739257812,0.10034,191.425,UNDervalued - Strong Buy
OR.BK,PTT Oil and Retail Business Public Company Limited,Energy,12.2,146.400002048,4626.06174,0.0594430490810355,0.94,12.978724,-0.163,1.24664306640625,12.1999168824844,-0.0006812911114706388,17.54664306640625,0.10147,20.703,OVValued - Avoid
OSP.BK,Osotspa Public Company Limited,Consumer Defensive,15.1,45.35662592,5829.792111,0.0613566370760324,1.22,12.377049,-0.017,-24.193572998046875,15.10020487719731,0.001356802631202747,-22.493572998046872,0.23268999,3.553,UNDervalued - Strong Buy
PTT.BK,PTT Public Company Limited,Energy,34.75,984.270635008,127599.798526,0.0464113352826743,3.15,11.031746,-0.119,-23.053741455078125,34.75094525796288,0.002720166799652368,-11.153741455078126,0.07115,59.656,UNDervalued - Strong Buy
RATCH.BK,Ratch Group Public Company Limited,Utilities,30.0,65.250000896,10900.940843,0.0377883031266789,2.86,10.489511,0.477,-28.017044067382812,30.00009886768841,0.0003295589613649952,-75.71704406738282,0.06418,106.801,UNDervalued - Strong Buy
SAWAD.BK,Srisawad Corporation Public Company Limited,Financial Services,23.7,39.3777152,8012.255,0.0526029249490468,3.02,7.8476825,-0.07,-19.126129150390625,23.69924080542134,-0.0032033526525698797,-12.126129150390625,0.13678999,157.476,UNDervalued - Strong Buy
SCC.BK,The Siam Cement Public Company Limited,Industrials,214.0,256.799997952,19274.37,0.0459715750933781,11.73,18.24382,-0.034,-8.75084400177002,214.0003447677066,0.00016110640495003992,-5.350844001770019,0.02586,83.838,UNDervalued - Buy
SCGP.BK,SCG Packaging Public Company Limited,Consumer Cyclical,20.9,89.722028032,10380.085,0.0578840998513829,0.95,22.0,-0.034,-14.019775390625,20.90037354344334,0.0017872892025927456,-10.619775390625,0.04987,69.804,UNDervalued - Strong Buy
TCAP.BK,Thanachart Capital Public Company Limited,Financial Services,58.0,60.819091456,8503.757,0.0390399120651471,7.33,7.912688,0.183,-30.173683166503906,58.00089985521134,0.0015514745023148535,-48.4736831665039,0.09837,0.0,UNDervalued - Strong Buy
TIDLOR.BK,Tidlor Holdings Public Company Limited,Financial Services,15.0,43.438944256,349.299,0.0349697235330389,1.7,8.823529,0.092,29.58221435546875,14.99956022130976,-0.0029318579349291163,20.38221435546875,0.15274,216.375,OVValued - Avoid
TISCO.BK,TISCO Financial Group Public Company Limited,Financial Services,115.0,92.075384832,9014.131,0.0637896928543564,8.31,13.838748,-0.026,-20.455074310302734,115.00023292264169,0.00020254142756304105,-17.855074310302737,0.15411,0.0,UNDervalued - Strong Buy
TLI.BK,Thai Life Insurance Public Company Limited,Financial Services,10.8,123.660009472,2667.066,0.04496,1.04,10.384616,0.208,-2.99224853515625,10.799154596690906,-0.007827808417537607,-23.79224853515625,0.08492,0.0,UNDervalued - Strong Buy
TOP.BK,Thai Oil Public Company Limited,Energy,47.0,104.99026944,38110.944524,0.054839908133054,6.53,7.1975493,-0.169,-34.78994369506836,47.00012095761469,0.0002573566270092087,-17.889943695068357,0.081499994,69.274,UNDervalued - Strong Buy
TRUE.BK,True Corporation Public Company Limited,Communication Services,14.3,494.095007744,20437.854,0.0310737470508227,0.27,52.962963,-0.101,-13.787460327148438,14.29960129321105,-0.002788159363298348,-3.687460327148437,0.12203,577.067,Fair Value - Hold
TTB.BK,TMBThanachart Bank Public Company Limited,Financial Services,2.38,225.821917184,108061.57,0.0957854124109597,0.22,10.818182,0.03,-50.0,3.111619975258965,30.740335094914496,-53.0,0.08564,0.0,UNRELIABLE - No Convergence
TU.BK,Thai Union Group Public Company Limited,Consumer Defensive,11.4,43.948068864,811.261,0.0248871540325773,1.16,9.827586,-0.001,6.970977783203125,11.400090166758712,0.0007909364799330021,7.070977783203125,0.10416,149.423,OVValued - Reduce
VGI.BK,VGI Public Company Limited,Industrials,0.87,18.3581184,106.891943,0.074665221935942,0.0,inf,-0.112,-50.0,0.9768037883030571,12.276297506098533,-38.800000000000004,0.00153,2.201,UNRELIABLE - No Convergence
PTTEP.BK,PTT Exploration and Production Public Company Limited,Energy,151.5,601.452773376,29420.892,0.0582895589884031,15.18,9.980237,-0.026,-5.916500091552734,151.50095050489685,0.0006273959715086264,-3.3165000915527347,0.11359999,24.4,Fair Value - Hold
PTTGC.BK,PTT Global Chemical Public Company Limited,Basic Materials,36.5,164.572987392,26805.230046,0.0575590443358831,-3.61,0.0,-0.302,-16.492271423339844,36.50068799720392,0.0018849238463625184,13.707728576660156,-0.05519,60.892,OVValued - Avoid
BAY.BK,Bank of Ayudhya Public Company Limited,Financial Services,25.75,189.410869248,72935.728,0.1008696701926776,4.31,5.9744782,0.153,-23.892593383789062,25.750614907326625,0.002387989617957942,-39.19259338378907,0.080019996,0.0,UNDervalued - Strong Buy
CRC.BK,Central Retail Corporation Public Company Limited,Consumer Cyclical,19.8,119.413792768,21269.145508,0.0402787463701914,1.12,17.67857,0.0,-31.020545959472656,19.800196668056927,0.0009932730147710345,-31.020545959472656,0.10017,154.054,UNDervalued - Strong Buy
DRT.BK,Diamond Building Products Public Company Limited,Industrials,4.68,3.800315136,323.632516,0.0440415805981279,0.39,12.0,-0.042,-21.6094970703125,4.679045772551247,-0.020389475400695023,-17.4094970703125,0.12985,46.316,UNDervalued - Strong Buy
FPT.BK,Frasers Property (Thailand) Public Company Limited,Real Estate,6.05,14.03162624,3436.931,0.056327421113228,0.63,9.603175,2.587,-27.423095703125,6.050802994449564,0.0132726355299706,-286.12309570312505,0.03974,59.025,UNDervalued - Strong Buy
JMT.BK,JMT Network Services Public Company Limited,Financial Services,8.5,12.407785472,2873.613761,0.0494234782609725,0.71,11.971831,-0.139,-31.005096435546875,8.499587991221905,-0.00484716209524505,-17.105096435546873,0.0366,33.013,UNDervalued - Strong Buy
NCH.BK,N.C. Housing Public Company Limited,Real Estate,0.4,0.498113504,510.80321247,0.0315832617805741,-0.1,0.0,0.081,-50.0,0.5563738690462269,39.09346726155671,-58.099999999999994,-0.04395,40.862,UNRELIABLE - No Convergence
PF.BK,Property Perfect Public Company Limited,Real Estate,0.04,0.400443232,467.544,55.61794103849692,-0.28,0.0,-0.428,100.0,-2.4364190927213896,-6191.047731803474,142.79999999999998,-0.33812,277.973,UNRELIABLE - No Convergence
PG.BK,People's Garment Public Company Limited,Consumer Cyclical,6.75,0.648,11.337391,0.0371032406078225,-0.06,0.0,-0.082,-13.34228515625,6.750855500703611,0.012674084497943383,-5.14228515625,-0.004,1.294,UNDervalued - Buy
PRIN.BK,Prinsiri Public Company Limited,Real Estate,1.37,1.671416192,248.395166,0.0223891005132168,0.03,45.666668,-0.235,-21.4630126953125,1.3705610094121456,0.040949592127415,2.0369873046874987,0.00575,104.956,Fair Value - Hold
RBF.BK,R&B Food Supply Public Company Limited,Consumer Defensive,4.0,7.801999872,340.716646,0.0516123483667027,0.22,18.181818,-0.011,-9.3505859375,3.9996295266936963,-0.009261832657592173,-8.2505859375,0.08663,3.704,UNDervalued - Buy
RCL.BK,Regional Container Lines Public Company Limited,Industrials,31.25,25.898438656,2078.443825,0.0651661288280197,9.85,3.1725888,-0.061,-12.695693969726562,31.25001932584784,6.184271308384837e-05,-6.595693969726563,0.15659,29.964,UNDervalued - Buy
SPALI.BK,Supalai Public Company Limited,Real Estate,16.4,30.937847808,745.996885,0.0380162764017982,2.09,7.84689,-0.184,4.60205078125,16.400341738033067,0.002083768494309801,23.00205078125,0.07455,69.339,OVValued - Avoid
SPRC.BK,Star Petroleum Refining Public Company Limited,Energy,6.85,29.700929536,6009.679013,0.06213315668072,0.59,11.610169,-0.102,-27.70233154296875,6.849908827803722,-0.0013309809675621231,-17.50233154296875,0.06673,14.714,UNDervalued - Strong Buy
STPI.BK,STP&I Public Company Limited,Industrials,4.12,7.466562048,1030.773249,0.0792152133331855,0.11,37.454544,0.288,-10.31646728515625,4.120047620766144,0.0011558438384406955,-39.11646728515625,0.0251,39.843,UNDervalued - Strong Buy
THANI.BK,Ratchthani Leasing Public Company Limited,Financial Services,1.62,10.091512832,9826.391546,0.0145427175569588,0.18,9.0,0.14,-50.0,2.2310814012890825,37.72107415364705,-64.0,0.08367,186.06,UNRELIABLE - No Convergence
TR.BK,Thai Rayon Public Company Limited,Consumer Cyclical,26.25,5.292000256,199.976,0.0257479753390787,-0.74,0.0,-0.212,-15.482902526855469,26.249820480465957,-0.0006838839392120377,5.7170974731445305,-0.05722,12.038,OVValued - Reduce
TVO.BK,Thai Vegetable Oil Public Company Limited,Consumer Defensive,24.7,21.96994048,1234.400701,0.0480217975756752,2.46,10.04065,-0.006,-17.830657958984375,24.699443254894902,-0.0022540287655803404,-17.230657958984374,0.1926,0.081,UNDervalued - Strong Buy
BCH.BK,Bangkok Chain Hospital Public Company Limited,Healthcare,9.85,24.563419136,1553.256842,0.0519929696030728,0.53,18.584908,0.069,-15.4022216796875,9.850195064264561,0.0019803478635616045,-22.302221679687502,0.10099,6.13,UNDervalued - Strong Buy
BCPG.BK,BCPG Public Company Limited,Utilities,6.75,20.221376512,1781.948051,0.0502097319725518,0.29,23.275864,0.831,-8.43963623046875,6.750007478634803,0.00011079458968055178,-91.53963623046874,0.028770002,95.369,UNDervalued - Strong Buy
BRR.BK,Buriram Sugar Public Company Limited,Consumer Defensive,3.78,3.069739264,124.04433,0.0335161404755376,0.34,11.117647,-0.206,-10.94818115234375,3.7807644007246584,0.02022224139308637,9.65181884765625,0.07063,94.761,OVValued - Reduce
CHG.BK,Chularat Hospital Public Company Limited,Healthcare,1.4,15.400000512,985.484809,0.0431353008663085,0.08,17.5,0.147,-23.101806640625,1.4001407397649817,0.010052840355845305,-37.801806640625,0.1184,7.065,UNDervalued - Strong Buy
ERW.BK,The Erawan Group Public Company Limited,Consumer Cyclical,2.68,13.096971264,1328.97101,0.0389608158284646,0.17,15.764706,0.015,-22.1405029296875,2.6801978474284343,0.0073823667326111675,-23.6405029296875,0.09386,149.369,UNDervalued - Strong Buy
FPI.BK,Fortune Parts Industry Public Company Limited,Consumer Cyclical,1.61,2.43597824,250.636,0.0406887009193641,0.18,8.944444,0.113,-27.47802734375,1.6092709537519074,-0.04528237565792903,-38.77802734375,0.11128,48.296,UNDervalued - Strong Buy
GPI.BK,Grand Prix International Public Company Limited,Communication Services,1.63,0.978,108.16847975,0.0478841276793995,0.14,11.642857,0.196,-27.91748046875,1.6307253579312029,0.04450048657687056,-47.51748046875,0.1106,1.844,UNDervalued - Strong Buy
