Ticker,Price_Date,Statement_Date,Availability_Date,Period_Type,WACC_Mode,No_Lookahead_Pass,Days_Since_Available,Price,FCF,Shares,WACC,Net_Debt,Actual_Revenue_Growth,Implied_Growth_Rate,Signal_Score,Intrinsic_Value,Rebalance_Date,Universe_Count,Excluded_Count
TTB.BK,2023-03-31,2022-12-31,2023-02-14,annual,fixed,True,45,1.1584171056747437,46553409000.0,97094000000.0,0.08,128908496000.0,0.0,-0.2344970703125,0.2344970703125,1.1578439939054004,2023-03-31,50,20
IVL.BK,2023-03-31,2022-12-31,2023-02-14,annual,fixed,True,45,31.07748413085937,49420150000.0,5614552000.0,0.08,233102181000.0,0.0,-0.14482688903808594,0.14482688903808594,31.076946825207653,2023-03-31,50,20
BBL.BK,2023-03-31,2022-12-31,2023-02-14,annual,fixed,True,45,131.53057861328125,70786130000.0,1908843000.0,0.08,366617301000.0,0.0,-0.1336231231689453,0.1336231231689453,131.53004347278952,2023-03-31,50,20
MINT.BK,2023-03-31,2022-12-31,2023-02-14,annual,fixed,True,45,30.33477210998535,25119683220.0,5314000000.0,0.08,185830843779.0,0.0,-0.039478302001953125,0.039478302001953125,30.334081861285743,2023-03-31,50,20
ADVANC.BK,2023-03-31,2022-12-31,2023-02-14,annual,fixed,True,45,178.1399383544922,38046594290.0,2974000000.0,0.08,119401689939.0,0.0,0.005724430084228516,-0.005724430084228516,178.13955380955832,2023-03-31,50,20
SCGP.BK,2023-03-31,2022-12-31,2023-02-14,annual,fixed,True,45,42.377418518066406,10048042000.0,4296744444.0,0.08,40203034000.0,0.0,0.06317520141601562,-0.06317520141601562,42.377625510728976,2023-03-31,50,20
TOP.BK,2023-03-31,2022-12-31,2023-02-14,annual,fixed,True,45,44.91173553466797,11142603471.0,2090000000.0,0.08,155444425356.0,0.0,0.06572723388671875,-0.06572723388671875,44.91088712494215,2023-03-31,50,20
CPALL.BK,2023-03-31,2022-12-31,2023-02-14,annual,fixed,True,45,58.64326477050781,39616981354.0,8983000000.0,0.08,375458052407.0,0.0,0.069732666015625,-0.069732666015625,58.643200478684875,2023-03-31,50,20
EGCO.BK,2023-03-31,2022-12-31,2023-02-14,annual,fixed,True,45,131.3135528564453,6318215000.0,526465000.0,0.08,77952903000.0,0.0,0.0747065544128418,-0.0747065544128418,131.31386044182292,2023-03-31,50,20
BJC.BK,2023-03-31,2022-12-31,2023-02-14,annual,fixed,True,45,35.06106185913086,12572607944.0,4007797000.0,0.08,160517182412.0,0.0,0.08110809326171875,-0.08110809326171875,35.06133680049074,2023-03-31,50,20
RATCH.BK,2023-03-31,2022-12-31,2023-02-14,annual,fixed,True,45,32.65459442138672,5118758527.0,1833356000.0,0.08,64633962964.0,0.0,0.08469009399414062,-0.08469009399414062,32.65431314278541,2023-03-31,50,20
CPN.BK,2023-03-31,2022-12-31,2023-02-14,annual,fixed,True,45,61.73620223999024,15269084662.0,4488000000.0,0.08,125369353404.0,0.0,0.10315513610839844,-0.10315513610839844,61.736474148936416,2023-03-31,50,20
TISCO.BK,2023-03-31,2022-12-31,2023-02-14,annual,fixed,True,45,77.51866912841797,2847960000.0,800655000.0,0.08,16329130000.0,0.0,0.11323165893554688,-0.11323165893554688,77.51850220443505,2023-03-31,50,20
BDMS.BK,2023-03-31,2022-12-31,2023-02-14,annual,fixed,True,45,26.528017044067383,15193937714.0,15892001895.0,0.08,10925860190.0,0.0,0.12105941772460938,-0.12105941772460938,26.52778784524622,2023-03-31,50,20
GLOBAL.BK,2023-03-31,2022-12-31,2023-02-14,annual,fixed,True,45,15.56854248046875,3390665858.0,5602019360.0,0.08,13109981381.0,0.0,0.13013458251953125,-0.13013458251953125,15.568326160970765,2023-03-31,50,20
LH.BK,2023-03-31,2022-12-31,2023-02-14,annual,fixed,True,45,8.053043365478516,5080856407.0,11949713000.0,0.08,57788071876.0,0.0,0.135833740234375,-0.135833740234375,8.052468016745253,2023-03-31,50,20
CENTEL.BK,2023-03-31,2022-12-31,2023-02-14,annual,fixed,True,45,54.15942001342773,3030643929.0,1350000000.0,0.08,19343741935.0,0.0,0.13735580444335938,-0.13735580444335938,54.15994830107549,2023-03-31,50,20
BH.BK,2023-03-31,2022-12-31,2023-02-14,annual,fixed,True,45,203.05816650390625,4992015958.0,867415000.0,0.08,-2027844871.0,0.0,0.16931629180908203,-0.16931629180908203,203.0571811472137,2023-03-31,50,20
BEM.BK,2023-03-31,2022-12-31,2023-02-14,annual,fixed,True,45,8.253071784973145,5153639899.0,15226153394.0,0.08,68826149362.0,0.0,0.18845367431640625,-0.18845367431640625,8.253144064296826,2023-03-31,50,20
HMPRO.BK,2023-03-31,2022-12-31,2023-02-14,annual,fixed,True,45,12.828646659851074,4364554238.0,13151198000.0,0.08,15913326725.0,0.0,0.216583251953125,-0.216583251953125,12.829281428269015,2023-03-31,50,20
BANPU.BK,2023-03-31,2022-12-31,2023-02-14,annual,fixed,True,45,8.655391693115234,1547683000.0,7842236000.0,0.08,3913516000.0,0.0,0.239654541015625,-0.239654541015625,8.655553407174432,2023-03-31,50,20
KCE.BK,2023-03-31,2022-12-31,2023-02-14,annual,fixed,True,45,39.80587768554688,1013810204.0,1182336000.0,0.08,2680201406.0,0.0,0.2538795471191406,-0.2538795471191406,39.80642682585075,2023-03-31,50,20
TCAP.BK,2023-03-31,2022-12-31,2023-02-14,annual,fixed,True,45,37.48833465576172,1807193000.0,1048617000.0,0.08,59311663000.0,0.0,0.2811565399169922,-0.2811565399169922,37.488957235607955,2023-03-31,50,20
CBG.BK,2023-03-31,2022-12-31,2023-02-14,annual,fixed,True,45,90.16448211669922,1685918740.0,1000000000.0,0.08,6343622312.0,0.0,0.2935619354248047,-0.2935619354248047,90.16411844256193,2023-03-31,50,20
COM7.BK,2023-03-31,2022-12-31,2023-02-14,annual,fixed,True,45,26.84315490722656,1150427104.0,2399998000.0,0.08,4802945718.0,0.0,0.3066253662109375,-0.3066253662109375,26.842886672497748,2023-03-31,50,20
PTT.BK,2023-03-31,2022-12-31,2023-02-14,annual,fixed,True,45,25.956132888793945,18454283626.0,28562996250.0,0.08,853538674343.0,0.0,0.40451812744140625,-0.40451812744140625,25.955750773214564,2023-03-31,50,20
OSP.BK,2023-03-31,2022-12-31,2023-02-14,annual,fixed,True,45,26.160703659057617,812938995.0,3021514661.0,0.08,797004990.0,0.0,0.4404754638671875,-0.4404754638671875,26.161155554911485,2023-03-31,50,20
CPF.BK,2023-03-31,2022-12-31,2023-02-14,annual,fixed,True,45,19.19433212280273,5899058000.0,7936000000.0,0.08,487603899000.0,0.0,0.4689369201660156,-0.4689369201660156,19.194004118729055,2023-03-31,50,20
TU.BK,2023-03-31,2022-12-31,2023-02-14,annual,fixed,True,45,12.17655086517334,530636000.0,4655133000.0,0.08,48115500000.0,0.0,0.6504974365234375,-0.6504974365234375,12.176404546025006,2023-03-31,50,20
DELTA.BK,2023-03-31,2022-12-31,2023-02-14,annual,fixed,True,45,112.56273651123048,5658787941.0,12474000000.0,0.08,-8200250501.0,0.0,0.7224693298339844,-0.7224693298339844,112.5631938891704,2023-03-31,50,20
TTB.BK,2023-06-30,2022-12-31,2023-02-14,annual,fixed,True,136,1.3124414682388306,46553409000.0,97094000000.0,0.08,128908496000.0,0.0,-0.22314453125,0.22314453125,1.311478057296456,2023-06-30,50,20
IVL.BK,2023-06-30,2022-12-31,2023-02-14,annual,fixed,True,136,31.46158599853516,49420150000.0,5614552000.0,0.08,233102181000.0,0.0,-0.14377975463867188,0.14377975463867188,31.461943810837905,2023-06-30,50,20
BBL.BK,2023-06-30,2022-12-31,2023-02-14,annual,fixed,True,136,141.1476593017578,70786130000.0,1908843000.0,0.08,366617301000.0,0.0,-0.12777948379516602,0.12777948379516602,141.14674456060047,2023-06-30,50,20
MINT.BK,2023-06-30,2022-12-31,2023-02-14,annual,fixed,True,136,32.4779167175293,25119683220.0,5314000000.0,0.08,185830843779.0,0.0,-0.03264617919921875,0.03264617919921875,32.478334788163785,2023-06-30,50,20
ADVANC.BK,2023-06-30,2022-12-31,2023-02-14,annual,fixed,True,136,179.8204803466797,38046594290.0,2974000000.0,0.08,119401689939.0,0.0,0.0073909759521484375,-0.0073909759521484375,179.82007568037338,2023-06-30,50,20
SCGP.BK,2023-06-30,2022-12-31,2023-02-14,annual,fixed,True,136,34.39126205444336,10048042000.0,4296744444.0,0.08,40203034000.0,0.0,0.0258331298828125,-0.0258331298828125,34.390352485698365,2023-06-30,50,20
TOP.BK,2023-06-30,2022-12-31,2023-02-14,annual,fixed,True,136,37.85417938232422,11142603471.0,2090000000.0,0.08,155444425356.0,0.0,0.05202293395996094,-0.05202293395996094,37.85475622428677,2023-06-30,50,20
EGCO.BK,2023-06-30,2022-12-31,2023-02-14,annual,fixed,True,136,110.20204162597656,6318215000.0,526465000.0,0.08,77952903000.0,0.0,0.05696678161621094,-0.05696678161621094,110.20139010386788,2023-06-30,50,20
CPALL.BK,2023-06-30,2022-12-31,2023-02-14,annual,fixed,True,136,59.8089599609375,39616981354.0,8983000000.0,0.08,375458052407.0,0.0,0.07234764099121094,-0.07234764099121094,59.80937756661602,2023-06-30,50,20
BJC.BK,2023-06-30,2022-12-31,2023-02-14,annual,fixed,True,136,32.38924026489258,12572607944.0,4007797000.0,0.08,160517182412.0,0.0,0.07286834716796875,-0.07286834716796875,32.38833998003848,2023-06-30,50,20
RATCH.BK,2023-06-30,2022-12-31,2023-02-14,annual,fixed,True,136,30.32212448120117,5118758527.0,1833356000.0,0.08,64633962964.0,0.0,0.07672500610351562,-0.07672500610351562,30.32232870846576,2023-06-30,50,20
CPN.BK,2023-06-30,2022-12-31,2023-02-14,annual,fixed,True,136,58.8177604675293,15269084662.0,4488000000.0,0.08,125369353404.0,0.0,0.09552192687988281,-0.09552192687988281,58.81800148922174,2023-06-30,50,20
GLOBAL.BK,2023-06-30,2022-12-31,2023-02-14,annual,fixed,True,136,13.296377182006836,3390665858.0,5602019360.0,0.08,13109981381.0,0.0,0.0985260009765625,-0.0985260009765625,13.295760113501037,2023-06-30,50,20
BDMS.BK,2023-06-30,2022-12-31,2023-02-14,annual,fixed,True,136,24.95432472229004,15193937714.0,15892001895.0,0.08,10925860190.0,0.0,0.10718917846679688,-0.10718917846679688,24.954296607480483,2023-06-30,50,20
CENTEL.BK,2023-06-30,2022-12-31,2023-02-14,annual,fixed,True,136,47.8730583190918,3030643929.0,1350000000.0,0.08,19343741935.0,0.0,0.11475944519042969,-0.11475944519042969,47.8731313320381,2023-06-30,50,20
LH.BK,2023-06-30,2022-12-31,2023-02-14,annual,fixed,True,136,7.169848442077637,5080856407.0,11949713000.0,0.08,57788071876.0,0.0,0.119171142578125,-0.119171142578125,7.169917916141851,2023-06-30,50,20
TISCO.BK,2023-06-30,2022-12-31,2023-02-14,annual,fixed,True,136,81.12169647216797,2847960000.0,800655000.0,0.08,16329130000.0,0.0,0.12166595458984375,-0.12166595458984375,81.12153493398809,2023-06-30,50,20
BH.BK,2023-06-30,2022-12-31,2023-02-14,annual,fixed,True,136,203.05816650390625,4992015958.0,867415000.0,0.08,-2027844871.0,0.0,0.16931629180908203,-0.16931629180908203,203.0571811472137,2023-06-30,50,20
BEM.BK,2023-06-30,2022-12-31,2023-02-14,annual,fixed,True,136,7.973306655883789,5153639899.0,15226153394.0,0.08,68826149362.0,0.0,0.18305206298828125,-0.18305206298828125,7.973222188006967,2023-06-30,50,20
CBG.BK,2023-06-30,2022-12-31,2023-02-14,annual,fixed,True,136,61.67910385131836,1685918740.0,1000000000.0,0.08,6343622312.0,0.0,0.204864501953125,-0.204864501953125,61.67936497039439,2023-06-30,50,20
BANPU.BK,2023-06-30,2022-12-31,2023-02-14,annual,fixed,True,136,7.616698265075684,1547683000.0,7842236000.0,0.08,3913516000.0,0.0,0.2095794677734375,-0.2095794677734375,7.6170869079171135,2023-06-30,50,20
HMPRO.BK,2023-06-30,2022-12-31,2023-02-14,annual,fixed,True,136,12.65951442718506,4364554238.0,13151198000.0,0.08,15913326725.0,0.0,0.21356201171875,-0.21356201171875,12.659496372933692,2023-06-30,50,20
KCE.BK,2023-06-30,2022-12-31,2023-02-14,annual,fixed,True,136,34.30781936645508,1013810204.0,1182336000.0,0.08,2680201406.0,0.0,0.2186431884765625,-0.2186431884765625,34.30810775282545,2023-06-30,50,20
COM7.BK,2023-06-30,2022-12-31,2023-02-14,annual,fixed,True,136,23.32274055480957,1150427104.0,2399998000.0,0.08,4802945718.0,0.0,0.2727851867675781,-0.2727851867675781,23.322693004057733,2023-06-30,50,20
TCAP.BK,2023-06-30,2022-12-31,2023-02-14,annual,fixed,True,136,42.54250717163086,1807193000.0,1048617000.0,0.08,59311663000.0,0.0,0.2947521209716797,-0.2947521209716797,42.54325580318099,2023-06-30,50,20
PTT.BK,2023-06-30,2022-12-31,2023-02-14,annual,fixed,True,136,27.60414123535156,18454283626.0,28562996250.0,0.08,853538674343.0,0.0,0.4126319885253906,-0.4126319885253906,27.603849989524356,2023-06-30,50,20
OSP.BK,2023-06-30,2022-12-31,2023-02-14,annual,fixed,True,136,25.708881378173828,812938995.0,3021514661.0,0.08,797004990.0,0.0,0.435577392578125,-0.435577392578125,25.708792507924976,2023-06-30,50,20
CPF.BK,2023-06-30,2022-12-31,2023-02-14,annual,fixed,True,136,18.147594451904297,5899058000.0,7936000000.0,0.08,487603899000.0,0.0,0.46517181396484375,-0.46517181396484375,18.147891597167245,2023-06-30,50,20
TU.BK,2023-06-30,2022-12-31,2023-02-14,annual,fixed,True,136,11.14024829864502,530636000.0,4655133000.0,0.08,48115500000.0,0.0,0.6355743408203125,-0.6355743408203125,11.14017599278981,2023-06-30,50,20
DELTA.BK,2023-06-30,2022-12-31,2023-02-14,annual,fixed,True,136,90.6810073852539,5658787941.0,12474000000.0,0.08,-8200250501.0,0.0,0.6520195007324219,-0.6520195007324219,90.6804391155482,2023-06-30,50,20
TTB.BK,2023-10-02,2022-12-31,2023-02-14,annual,fixed,True,230,1.4479193687438965,46553409000.0,97094000000.0,0.08,128908496000.0,0.0,-0.213623046875,0.213623046875,1.4469271671396697,2023-10-02,50,20
IVL.BK,2023-10-02,2022-12-31,2023-02-14,annual,fixed,True,230,24.08738136291504,49420150000.0,5614552000.0,0.08,233102181000.0,0.0,-0.1647510528564453,0.1647510528564453,24.0868660893372,2023-10-02,50,20
BBL.BK,2023-10-02,2022-12-31,2023-02-14,annual,fixed,True,230,149.57601928710938,70786130000.0,1908843000.0,0.08,366617301000.0,0.0,-0.12277841567993164,0.12277841567993164,149.5762060955731,2023-10-02,50,20
MINT.BK,2023-10-02,2022-12-31,2023-02-14,annual,fixed,True,230,30.09478759765625,25119683220.0,5314000000.0,0.08,185830843779.0,0.0,-0.04025077819824219,0.04025077819824219,30.095398952606327,2023-10-02,50,20
ADVANC.BK,2023-10-02,2022-12-31,2023-02-14,annual,fixed,True,230,195.08372497558597,38046594290.0,2974000000.0,0.08,119401689939.0,0.0,0.022046566009521484,-0.022046566009521484,195.08405909165091,2023-10-02,50,20
SCGP.BK,2023-10-02,2022-12-31,2023-02-14,annual,fixed,True,230,35.539451599121094,10048042000.0,4296744444.0,0.08,40203034000.0,0.0,0.031543731689453125,-0.031543731689453125,35.53854670946683,2023-10-02,50,20
EGCO.BK,2023-10-02,2022-12-31,2023-02-14,annual,fixed,True,230,102.14225006103516,6318215000.0,526465000.0,0.08,77952903000.0,0.0,0.04986715316772461,-0.04986715316772461,102.14268115948988,2023-10-02,50,20
BJC.BK,2023-10-02,2022-12-31,2023-02-14,annual,fixed,True,230,28.081430435180664,12572607944.0,4007797000.0,0.08,160517182412.0,0.0,0.05902671813964844,-0.05902671813964844,28.080797403699613,2023-10-02,50,20
TOP.BK,2023-10-02,2022-12-31,2023-02-14,annual,fixed,True,230,42.91169357299805,11142603471.0,2090000000.0,0.08,155444425356.0,0.0,0.061916351318359375,-0.061916351318359375,42.91168855678504,2023-10-02,50,20
RATCH.BK,2023-10-02,2022-12-31,2023-02-14,annual,fixed,True,230,26.89949607849121,5118758527.0,1833356000.0,0.08,64633962964.0,0.0,0.06458282470703125,-0.06458282470703125,26.899003482037827,2023-10-02,50,20
CPALL.BK,2023-10-02,2022-12-31,2023-02-14,annual,fixed,True,230,58.13431167602539,39616981354.0,8983000000.0,0.08,375458052407.0,0.0,0.06858253479003906,-0.06858253479003906,58.133917368306314,2023-10-02,50,20
CPN.BK,2023-10-02,2022-12-31,2023-02-14,annual,fixed,True,230,56.57280731201172,15269084662.0,4488000000.0,0.08,125369353404.0,0.0,0.08949947357177734,-0.08949947357177734,56.572854681803754,2023-10-02,50,20
BDMS.BK,2023-10-02,2022-12-31,2023-02-14,annual,fixed,True,230,24.59579086303711,15193937714.0,15892001895.0,0.08,10925860190.0,0.0,0.1039276123046875,-0.1039276123046875,24.595750601633394,2023-10-02,50,20
CENTEL.BK,2023-10-02,2022-12-31,2023-02-14,annual,fixed,True,230,45.45522689819336,3030643929.0,1350000000.0,0.08,19343741935.0,0.0,0.10555267333984375,-0.10555267333984375,45.45614390986286,2023-10-02,50,20
GLOBAL.BK,2023-10-02,2022-12-31,2023-02-14,annual,fixed,True,230,13.885457038879396,3390665858.0,5602019360.0,0.08,13109981381.0,0.0,0.107086181640625,-0.107086181640625,13.885507653828132,2023-10-02,50,20
LH.BK,2023-10-02,2022-12-31,2023-02-14,annual,fixed,True,230,6.73628568649292,5080856407.0,11949713000.0,0.08,57788071876.0,0.0,0.1106109619140625,-0.1106109619140625,6.7368623805741175,2023-10-02,50,20
TISCO.BK,2023-10-02,2022-12-31,2023-02-14,annual,fixed,True,230,84.0319595336914,2847960000.0,800655000.0,0.08,16329130000.0,0.0,0.1282949447631836,-0.1282949447631836,84.0318782522564,2023-10-02,50,20
BEM.BK,2023-10-02,2022-12-31,2023-02-14,annual,fixed,True,230,7.553658485412598,5153639899.0,15226153394.0,0.08,68826149362.0,0.0,0.17474365234375,-0.17474365234375,7.552804401754825,2023-10-02,50,20
BANPU.BK,2023-10-02,2022-12-31,2023-02-14,annual,fixed,True,230,7.100310802459717,1547683000.0,7842236000.0,0.08,3913516000.0,0.0,0.1933746337890625,-0.1933746337890625,7.100087384600367,2023-10-02,50,20
HMPRO.BK,2023-10-02,2022-12-31,2023-02-14,annual,fixed,True,230,11.730825424194336,4364554238.0,13151198000.0,0.08,15913326725.0,0.0,0.19646453857421875,-0.19646453857421875,11.730997267733626,2023-10-02,50,20
BH.BK,2023-10-02,2022-12-31,2023-02-14,annual,fixed,True,230,242.0563201904297,4992015958.0,867415000.0,0.08,-2027844871.0,0.0,0.21274375915527344,-0.21274375915527344,242.0572107029688,2023-10-02,50,20
CBG.BK,2023-10-02,2022-12-31,2023-02-14,annual,fixed,True,230,77.11516571044922,1685918740.0,1000000000.0,0.08,6343622312.0,0.0,0.256134033203125,-0.256134033203125,77.1155344045239,2023-10-02,50,20
TCAP.BK,2023-10-02,2022-12-31,2023-02-14,annual,fixed,True,230,42.75628662109375,1807193000.0,1048617000.0,0.08,59311663000.0,0.0,0.29531288146972656,-0.29531288146972656,42.75653897828126,2023-10-02,50,20
KCE.BK,2023-10-02,2022-12-31,2023-02-14,annual,fixed,True,230,49.01528549194336,1013810204.0,1182336000.0,0.08,2680201406.0,0.0,0.305023193359375,-0.305023193359375,49.016265190399494,2023-10-02,50,20
COM7.BK,2023-10-02,2022-12-31,2023-02-14,annual,fixed,True,230,27.2832088470459,1150427104.0,2399998000.0,0.08,4802945718.0,0.0,0.31060791015625,-0.31060791015625,27.28299724615738,2023-10-02,50,20
PTT.BK,2023-10-02,2022-12-31,2023-02-14,annual,fixed,True,230,27.39813995361328,18454283626.0,28562996250.0,0.08,853538674343.0,0.0,0.41163063049316406,-0.41163063049316406,27.398269969103655,2023-10-02,50,20
OSP.BK,2023-10-02,2022-12-31,2023-02-14,annual,fixed,True,230,23.6060791015625,812938995.0,3021514661.0,0.08,797004990.0,0.0,0.4118194580078125,-0.4118194580078125,23.60573006019683,2023-10-02,50,20
CPF.BK,2023-10-02,2022-12-31,2023-02-14,annual,fixed,True,230,18.700313568115234,5899058000.0,7936000000.0,0.08,487603899000.0,0.0,0.4671630859375,-0.4671630859375,18.699726627515055,2023-10-02,50,20
DELTA.BK,2023-10-02,2022-12-31,2023-02-14,annual,fixed,True,230,85.75270080566406,5658787941.0,12474000000.0,0.08,-8200250501.0,0.0,0.6341896057128906,-0.6341896057128906,85.75225109481543,2023-10-02,50,20
TU.BK,2023-10-02,2022-12-31,2023-02-14,annual,fixed,True,230,12.804435729980469,530636000.0,4655133000.0,0.08,48115500000.0,0.0,0.6592636108398438,-0.6592636108398438,12.804431987964,2023-10-02,50,20
AOT.BK,2024-01-03,2023-09-30,2023-11-14,annual,fixed,True,50,60.778076171875,5269658894.0,14285700000.0,0.08,55384119007.0,1.907056030363309,0.6129150390625,1.294140991300809,60.77770516510803,2024-01-03,50,19
TTB.BK,2024-01-03,2022-12-31,2023-02-14,annual,fixed,True,323,1.4481759071350098,46553409000.0,97094000000.0,0.08,128908496000.0,0.0,-0.213531494140625,0.213531494140625,1.4482595751854068,2024-01-03,50,19
IVL.BK,2024-01-03,2022-12-31,2023-02-14,annual,fixed,True,323,26.19709205627441,49420150000.0,5614552000.0,0.08,233102181000.0,0.0,-0.15854263305664062,0.15854263305664062,26.197869024480863,2024-01-03,50,19
BBL.BK,2024-01-03,2022-12-31,2023-02-14,annual,fixed,True,323,138.38023376464844,70786130000.0,1908843000.0,0.08,366617301000.0,0.0,-0.12944459915161133,0.12944459915161133,138.3811429337854,2024-01-03,50,19
MINT.BK,2024-01-03,2022-12-31,2023-02-14,annual,fixed,True,323,27.945158004760746,25119683220.0,5314000000.0,0.08,185830843779.0,0.0,-0.04732322692871094,0.04732322692871094,27.945046342658866,2024-01-03,50,19
ADVANC.BK,2024-01-03,2022-12-31,2023-02-14,annual,fixed,True,323,187.38302612304688,38046594290.0,2974000000.0,0.08,119401689939.0,0.0,0.014758110046386719,-0.014758110046386719,187.38302209198233,2024-01-03,50,19
SCGP.BK,2024-01-03,2022-12-31,2023-02-14,annual,fixed,True,323,34.14574432373047,10048042000.0,4296744444.0,0.08,40203034000.0,0.0,0.02459716796875,-0.02459716796875,34.145190909062435,2024-01-03,50,19
BJC.BK,2024-01-03,2022-12-31,2023-02-14,annual,fixed,True,323,24.80526351928711,12572607944.0,4007797000.0,0.08,160517182412.0,0.0,0.0479888916015625,-0.0479888916015625,24.80457047285254,2024-01-03,50,19
CPALL.BK,2024-01-03,2022-12-31,2023-02-14,annual,fixed,True,323,53.34959411621094,39616981354.0,8983000000.0,0.08,375458052407.0,0.0,0.05752754211425781,-0.05752754211425781,53.35016693616432,2024-01-03,50,19
EGCO.BK,2024-01-03,2022-12-31,2023-02-14,annual,fixed,True,323,112.96240234375,6318215000.0,526465000.0,0.08,77952903000.0,0.0,0.059355735778808594,-0.059355735778808594,112.96250373171013,2024-01-03,50,19
TOP.BK,2024-01-03,2022-12-31,2023-02-14,annual,fixed,True,323,45.94586181640625,11142603471.0,2090000000.0,0.08,155444425356.0,0.0,0.06767845153808594,-0.06767845153808594,45.9457210496605,2024-01-03,50,19
RATCH.BK,2024-01-03,2022-12-31,2023-02-14,annual,fixed,True,323,27.767221450805664,5118758527.0,1833356000.0,0.08,64633962964.0,0.0,0.067718505859375,-0.067718505859375,27.76810094337235,2024-01-03,50,19
CENTEL.BK,2024-01-03,2022-12-31,2023-02-14,annual,fixed,True,323,43.52096557617188,3030643929.0,1350000000.0,0.08,19343741935.0,0.0,0.09795379638671875,-0.09795379638671875,43.52192246915586,2024-01-03,50,19
CPN.BK,2024-01-03,2022-12-31,2023-02-14,annual,fixed,True,323,61.06271362304688,15269084662.0,4488000000.0,0.08,125369353404.0,0.0,0.101409912109375,-0.101409912109375,61.061941439552456,2024-01-03,50,19
GLOBAL.BK,2024-01-03,2022-12-31,2023-02-14,annual,fixed,True,323,13.71714687347412,3390665858.0,5602019360.0,0.08,13109981381.0,0.0,0.1046600341796875,-0.1046600341796875,13.716469101806796,2024-01-03,50,19
BDMS.BK,2024-01-03,2022-12-31,2023-02-14,annual,fixed,True,323,25.051267623901367,15193937714.0,15892001895.0,0.08,10925860190.0,0.0,0.10807037353515625,-0.10807037353515625,25.05190603519828,2024-01-03,50,19
LH.BK,2024-01-03,2022-12-31,2023-02-14,annual,fixed,True,323,7.083963871002197,5080856407.0,11949713000.0,0.08,57788071876.0,0.0,0.1174774169921875,-0.1174774169921875,7.083156854174986,2024-01-03,50,19
TISCO.BK,2024-01-03,2022-12-31,2023-02-14,annual,fixed,True,323,85.31163787841797,2847960000.0,800655000.0,0.08,16329130000.0,0.0,0.13115882873535156,-0.13115882873535156,85.3109675881494,2024-01-03,50,19
BANPU.BK,2024-01-03,2022-12-31,2023-02-14,annual,fixed,True,323,6.035264015197754,1547683000.0,7842236000.0,0.08,3913516000.0,0.0,0.15679931640625,-0.15679931640625,6.0346818288727,2024-01-03,50,19
BH.BK,2024-01-03,2022-12-31,2023-02-14,annual,fixed,True,323,200.50933837890625,4992015958.0,867415000.0,0.08,-2027844871.0,0.0,0.16623783111572266,-0.16623783111572266,200.5097447093697,2024-01-03,50,19
BEM.BK,2024-01-03,2022-12-31,2023-02-14,annual,fixed,True,323,7.507030963897705,5153639899.0,15226153394.0,0.08,68826149362.0,0.0,0.173828125,-0.173828125,7.507218948017201,2024-01-03,50,19
HMPRO.BK,2024-01-03,2022-12-31,2023-02-14,annual,fixed,True,323,11.089295387268066,4364554238.0,13151198000.0,0.08,15913326725.0,0.0,0.1840362548828125,-0.1840362548828125,11.08954266880445,2024-01-03,50,19
CBG.BK,2024-01-03,2022-12-31,2023-02-14,annual,fixed,True,323,79.48066711425781,1685918740.0,1000000000.0,0.08,6343622312.0,0.0,0.26326942443847656,-0.26326942443847656,79.48124418925974,2024-01-03,50,19
COM7.BK,2024-01-03,2022-12-31,2023-02-14,annual,fixed,True,323,22.66266441345215,1150427104.0,2399998000.0,0.08,4802945718.0,0.0,0.26599884033203125,-0.26599884033203125,22.66223699797454,2024-01-03,50,19
TCAP.BK,2024-01-03,2022-12-31,2023-02-14,annual,fixed,True,323,43.134883880615234,1807193000.0,1048617000.0,0.08,59311663000.0,0.0,0.29630279541015625,-0.29630279541015625,43.133992316491096,2024-01-03,50,19
KCE.BK,2024-01-03,2022-12-31,2023-02-14,annual,fixed,True,323,48.5696907043457,1013810204.0,1182336000.0,0.08,2680201406.0,0.0,0.302734375,-0.302734375,48.57062480002325,2024-01-03,50,19
OSP.BK,2024-01-03,2022-12-31,2023-02-14,annual,fixed,True,323,20.73631858825684,812938995.0,3021514661.0,0.08,797004990.0,0.0,0.3763885498046875,-0.3763885498046875,20.736020313653807,2024-01-03,50,19
PTT.BK,2024-01-03,2022-12-31,2023-02-14,annual,fixed,True,323,29.779172897338867,18454283626.0,28562996250.0,0.08,853538674343.0,0.0,0.4230461120605469,-0.4230461120605469,29.778863702929627,2024-01-03,50,19
CPF.BK,2024-01-03,2022-12-31,2023-02-14,annual,fixed,True,323,17.779115676879883,5899058000.0,7936000000.0,0.08,487603899000.0,0.0,0.4638328552246094,-0.4638328552246094,17.778625804189684,2024-01-03,50,19
DELTA.BK,2024-01-03,2022-12-31,2023-02-14,annual,fixed,True,323,88.7096939086914,5658787941.0,12474000000.0,0.08,-8200250501.0,0.0,0.6449928283691406,-0.6449928283691406,88.71043776132146,2024-01-03,50,19
TU.BK,2024-01-03,2022-12-31,2023-02-14,annual,fixed,True,323,13.15766143798828,530636000.0,4655133000.0,0.08,48115500000.0,0.0,0.6641159057617188,-0.6641159057617188,13.158335436111573,2024-01-03,50,19
AOT.BK,2024-04-01,2023-09-30,2023-11-14,annual,fixed,True,139,63.69542694091797,5269658894.0,14285700000.0,0.08,55384119007.0,1.907056030363309,0.6267280578613281,1.280327972501981,63.69535315681262,2024-04-01,50,16
BBL.BK,2024-04-01,2023-12-31,2024-02-14,annual,fixed,True,47,124.49742126464844,110058999000.0,1908843000.0,0.08,473061020000.0,0.2352337042234515,-0.19260025024414062,0.4278339544675921,124.49705211304094,2024-04-01,50,16
MINT.BK,2024-04-01,2023-12-31,2024-02-14,annual,fixed,True,47,31.52787208557129,29240934690.0,5479000000.0,0.08,183214623848.0,0.2237967270720304,-0.06595420837402344,0.28975093544605385,31.52728784960365,2024-04-01,50,16
CPN.BK,2024-04-01,2023-12-31,2024-02-14,annual,fixed,True,47,58.414947509765625,19898007759.0,4488000000.0,0.08,120154806799.0,0.2821903946987536,0.031726837158203125,0.2504635575405505,58.41478325275814,2024-04-01,50,16
CCET.BK,2024-04-01,2023-12-31,2024-02-14,annual,fixed,True,47,2.294170379638672,11651127561.0,6428153000.0,0.08,17417417506.0,-0.1238979823102164,-0.35076904296875,0.2268710606585336,2.2932559137416617,2024-04-01,50,16
OR.BK,2024-04-01,2023-12-31,2024-02-14,annual,fixed,True,47,16.848590850830078,28829293622.0,12058768179.0,0.08,-15560274183.0,-0.0253790588577904,-0.19110107421875,0.1657220153609596,16.84902670989188,2024-04-01,50,16
TISCO.BK,2024-04-01,2023-12-31,2024-02-14,annual,fixed,True,47,84.88508605957031,7261251000.0,800655000.0,0.08,18471289000.0,0.0553973029748231,-0.07059478759765625,0.12599209057247934,84.88457597116036,2024-04-01,50,16
CPALL.BK,2024-04-01,2023-12-31,2024-02-14,annual,fixed,True,47,52.15341567993164,58828831358.0,8983000000.0,0.08,360292526701.0,0.0798242383212359,-0.03534126281738281,0.11516550113861872,52.153174551968824,2024-04-01,50,16
CENTEL.BK,2024-04-01,2023-12-31,2024-02-14,annual,fixed,True,47,41.344913482666016,2807020487.0,1350000000.0,0.08,24586374912.0,0.231912841496547,0.1225128173828125,0.1094000241137345,41.34448984071949,2024-04-01,50,16
AWC.BK,2024-04-01,2023-12-31,2024-02-14,annual,fixed,True,47,3.952580213546753,2690072194.0,32013716000.0,0.08,70540783275.0,0.463910372843862,0.359130859375,0.104779513468862,3.9525052869703265,2024-04-01,50,16
PTT.BK,2024-04-01,2023-12-31,2024-02-14,annual,fixed,True,47,29.50947952270508,204486768442.0,28577520650.0,0.08,744307776508.0,-0.0660248283219039,-0.1567401885986328,0.09071536027672891,29.509794538687213,2024-04-01,50,16
BH.BK,2024-04-01,2023-12-31,2024-02-14,annual,fixed,True,47,206.9817352294922,5419119872.0,867415000.0,0.08,-3682909602.0,0.2246847615980067,0.15201854705810547,0.07266621453990124,206.98220972200448,2024-04-01,50,16
BEM.BK,2024-04-01,2023-12-31,2024-02-14,annual,fixed,True,47,7.780567169189453,5713375237.0,15124571800.0,0.08,67174028014.0,0.1671464104558424,0.15130615234375,0.015840258112092387,7.780624797502378,2024-04-01,50,16
SCGP.BK,2024-04-01,2023-12-31,2024-02-14,annual,fixed,True,47,27.177227020263672,14099017000.0,4301748361.0,0.08,39224277000.0,-0.1141245795974688,-0.08547210693359375,-0.02865247266387505,27.17728332380237,2024-04-01,50,16
ADVANC.BK,2024-04-01,2023-12-31,2024-02-14,annual,fixed,True,47,179.2845001220703,36648784513.0,2974000000.0,0.08,227639225668.0,0.0182663828921181,0.048914432525634766,-0.030648049633516666,179.28498508819206,2024-04-01,50,16
KCE.BK,2024-04-01,2023-12-31,2024-02-14,annual,fixed,True,47,36.2864875793457,3765720730.0,1185918593.0,0.08,460442625.0,-0.1144707210828365,-0.07682037353515625,-0.03765034754768025,36.28743941777261,2024-04-01,50,16
BJC.BK,2024-04-01,2023-12-31,2024-02-14,annual,fixed,True,47,23.120376586914062,10804302204.0,4007797000.0,0.08,161334829735.0,0.0288287127107582,0.07693099975585938,-0.04810228704510117,23.11957834748155,2024-04-01,50,16
BDMS.BK,2024-04-01,2023-12-31,2024-02-14,annual,fixed,True,47,26.287914276123047,12527271705.0,15892001895.0,0.08,10339182818.0,0.0970150000335783,0.16440963745117188,-0.06739463741759358,26.287799041239982,2024-04-01,50,16
CBG.BK,2024-04-01,2023-12-31,2024-02-14,annual,fixed,True,47,60.03326034545898,3043299765.0,1000000000.0,0.08,4658151381.0,-0.0188392631444259,0.054203033447265625,-0.07304229659169152,60.032559421438734,2024-04-01,50,16
TLI.BK,2024-04-01,2023-12-31,2024-02-14,annual,fixed,True,47,8.200583457946777,3423863000.0,11450000000.0,0.08,-7696188000.0,0.00630922473228,0.092620849609375,-0.086311624877095,8.201411255882267,2024-04-01,50,16
HMPRO.BK,2024-04-01,2023-12-31,2024-02-14,annual,fixed,True,47,9.71458911895752,4561597342.0,13151198000.0,0.08,18163064846.0,0.0502020573505082,0.1486053466796875,-0.0984032893291793,9.71480170635106,2024-04-01,50,16
IVL.BK,2024-04-01,2023-12-31,2024-02-14,annual,fixed,True,47,23.10957717895508,26903819000.0,5614552000.0,0.08,235649402000.0,-0.1749417486599893,-0.04306602478027344,-0.13187572387971586,23.10986683565395,2024-04-01,50,16
TOP.BK,2024-04-01,2023-12-31,2024-02-14,annual,fixed,True,47,52.78301239013672,13487130301.0,2234000000.0,0.08,155775678687.0,-0.0915577098257052,0.04384040832519531,-0.13539811815090053,52.783480425283955,2024-04-01,50,16
TU.BK,2024-04-01,2023-12-31,2024-02-14,annual,fixed,True,47,13.111263275146484,6316925000.0,4521185000.0,0.08,53498450000.0,-0.1249057966846063,0.0155792236328125,-0.1404850203174188,13.11036393484306,2024-04-01,50,16
EGCO.BK,2024-04-01,2023-12-31,2024-02-14,annual,fixed,True,47,102.31648254394533,8899096000.0,526465000.0,0.08,92247639000.0,-0.1677833608902166,-0.002609729766845703,-0.16517363112337088,102.31673797218504,2024-04-01,50,16
BGRIM.BK,2024-04-01,2023-12-31,2024-02-14,annual,fixed,True,47,25.79660987854004,6126414704.0,2606900000.0,0.08,83681401439.0,-0.0846259273901087,0.08761978149414062,-0.17224570888424934,25.796536603316994,2024-04-01,50,16
GLOBAL.BK,2024-04-01,2023-12-31,2024-02-14,annual,fixed,True,47,14.77451992034912,3674818889.0,5602004153.0,0.08,10978774204.0,-0.0842006200996392,0.09561920166015625,-0.17981982175979544,14.774106125070126,2024-04-01,50,16
GPSC.BK,2024-04-01,2023-12-31,2024-02-14,annual,fixed,True,47,49.68668746948242,15951760162.0,2819000000.0,0.08,117442847442.0,-0.2636206521524312,-0.006267547607421875,-0.2573531045450093,49.68637086394307,2024-04-01,50,16
CPF.BK,2024-04-01,2023-12-31,2024-02-14,annual,fixed,True,47,16.765798568725586,13050847000.0,7819000000.0,0.08,488975354000.0,-0.0461624665656116,0.24570846557617188,-0.2918709321417835,16.76662458195141,2024-04-01,50,16
KTC.BK,2024-04-01,2023-12-31,2024-02-14,annual,fixed,True,47,40.66877746582031,1766195867.0,2577877959.0,0.08,61573800497.0,0.1112016140712677,0.4287223815917969,-0.31752076752052916,40.66927026336276,2024-04-01,50,16
RATCH.BK,2024-04-01,2023-12-31,2024-02-14,annual,fixed,True,47,24.97952079772949,7679247281.0,2175000000.0,0.08,66406862233.0,-0.4155233073794843,-0.011943817138671875,-0.4035794902408124,24.97973728320826,2024-04-01,50,16
SCC.BK,2024-04-01,2023-12-31,2024-02-14,annual,fixed,True,47,242.14480590820312,10057022000.0,1199767731.0,0.08,293983295000.0,-0.1228264060771993,0.29752159118652344,-0.42034799726372274,242.1452296250727,2024-04-01,50,16
OSP.BK,2024-04-01,2023-12-31,2024-02-14,annual,fixed,True,47,19.255151748657227,675570018.0,3002628245.0,0.08,1348961969.0,-0.0441530125672264,0.408203125,-0.4523561375672264,19.25468478905133,2024-04-01,50,16
DELTA.BK,2024-04-01,2023-12-31,2024-02-14,annual,fixed,True,47,73.91749572753906,1722731942.0,12474000000.0,0.08,-4040726154.0,0.2345973227754332,0.99249267578125,-0.7578953530058168,73.91787730007074,2024-04-01,50,16
AOT.BK,2024-07-01,2023-09-30,2023-11-14,annual,fixed,True,230,56.158939361572266,5269658894.0,14285700000.0,0.08,55384119007.0,1.907056030363309,0.589935302734375,1.317120727628934,56.1580613068122,2024-07-01,50,17
BBL.BK,2024-07-01,2023-12-31,2024-02-14,annual,fixed,True,138,121.15010833740234,110058999000.0,1908843000.0,0.08,473061020000.0,0.2352337042234515,-0.19433975219726562,0.4295734564207171,121.15068561776602,2024-07-01,50,17
MINT.BK,2024-07-01,2023-12-31,2024-02-14,annual,fixed,True,138,28.70116806030273,29240934690.0,5479000000.0,0.08,183214623848.0,0.2237967270720304,-0.07516098022460938,0.2989577072966398,28.700294930670513,2024-07-01,50,17
CPN.BK,2024-07-01,2023-12-31,2024-02-14,annual,fixed,True,138,51.02649688720703,19898007759.0,4488000000.0,0.08,120154806799.0,0.2821903946987536,0.011819839477539062,0.27037055522121456,51.0270006128543,2024-07-01,50,17
OR.BK,2024-07-01,2023-12-31,2024-02-14,annual,fixed,True,138,14.893781661987305,28829293622.0,12058768179.0,0.08,-15560274183.0,-0.0253790588577904,-0.216827392578125,0.1914483337203346,14.894405057696538,2024-07-01,50,17
CCET.BK,2024-07-01,2023-12-31,2024-02-14,annual,fixed,True,138,3.65575122833252,11651127561.0,6428153000.0,0.08,17417417506.0,-0.1238979823102164,-0.3068695068359375,0.1829715245257211,3.656220414986151,2024-07-01,50,17
AWC.BK,2024-07-01,2023-12-31,2024-02-14,annual,fixed,True,138,3.3999998569488525,2690072194.0,32013716000.0,0.08,70540783275.0,0.463910372843862,0.3338623046875,0.130048068156362,3.4005936870047426,2024-07-01,50,17
TISCO.BK,2024-07-01,2023-12-31,2024-02-14,annual,fixed,True,138,86.46959686279297,7261251000.0,800655000.0,0.08,18471289000.0,0.0553973029748231,-0.06757640838623047,0.12297371136105356,86.46924266917539,2024-07-01,50,17
CENTEL.BK,2024-07-01,2023-12-31,2024-02-14,annual,fixed,True,138,38.8119010925293,2807020487.0,1350000000.0,0.08,24586374912.0,0.231912841496547,0.11237335205078125,0.11953948944576576,38.8125415660812,2024-07-01,50,17
CPALL.BK,2024-07-01,2023-12-31,2024-02-14,annual,fixed,True,138,53.55121994018555,58828831358.0,8983000000.0,0.08,360292526701.0,0.0798242383212359,-0.032154083251953125,0.11197832157318903,53.55213982889325,2024-07-01,50,17
PTT.BK,2024-07-01,2023-12-31,2024-02-14,annual,fixed,True,138,28.416534423828125,204486768442.0,28577520650.0,0.08,744307776508.0,-0.0660248283219039,-0.1606426239013672,0.09461779557946329,28.416568786456676,2024-07-01,50,17
BH.BK,2024-07-01,2023-12-31,2024-02-14,annual,fixed,True,138,226.2145538330078,5419119872.0,867415000.0,0.08,-3682909602.0,0.2246847615980067,0.17379379272460938,0.050890968873397335,226.21410841025215,2024-07-01,50,17
BEM.BK,2024-07-01,2023-12-31,2024-02-14,annual,fixed,True,138,7.258699893951416,5713375237.0,15124571800.0,0.08,67174028014.0,0.1671464104558424,0.1409149169921875,0.026231493463654887,7.25787645059026,2024-07-01,50,17
ADVANC.BK,2024-07-01,2023-12-31,2024-02-14,annual,fixed,True,138,182.78274536132807,36648784513.0,2974000000.0,0.08,227639225668.0,0.0182663828921181,0.05194997787475586,-0.03368359498263776,182.78278235488952,2024-07-01,50,17
BJC.BK,2024-07-01,2023-12-31,2024-02-14,annual,fixed,True,138,20.474443435668945,10804302204.0,4007797000.0,0.08,161334829735.0,0.0288287127107582,0.06726646423339844,-0.038437751522640236,20.474375274171003,2024-07-01,50,17
KCE.BK,2024-07-01,2023-12-31,2024-02-14,annual,fixed,True,138,37.64723205566406,3765720730.0,1185918593.0,0.08,460442625.0,-0.1144707210828365,-0.06930160522460938,-0.045169115858227124,37.64662052407354,2024-07-01,50,17
SCGP.BK,2024-07-01,2023-12-31,2024-02-14,annual,fixed,True,138,31.4486026763916,14099017000.0,4301748361.0,0.08,39224277000.0,-0.1141245795974688,-0.06249237060546875,-0.05163220899200005,31.449568468685452,2024-07-01,50,17
BDMS.BK,2024-07-01,2023-12-31,2024-02-14,annual,fixed,True,138,24.67374420166016,12527271705.0,15892001895.0,0.08,10339182818.0,0.0970150000335783,0.1496124267578125,-0.0525974267242342,24.672986805840672,2024-07-01,50,17
TLI.BK,2024-07-01,2023-12-31,2024-02-14,annual,fixed,True,138,7.3737287521362305,3423863000.0,11450000000.0,0.08,-7696188000.0,0.00630922473228,0.066070556640625,-0.059761331908345,7.372871178944299,2024-07-01,50,17
HMPRO.BK,2024-07-01,2023-12-31,2024-02-14,annual,fixed,True,138,8.471558570861816,4561597342.0,13151198000.0,0.08,18163064846.0,0.0502020573505082,0.12054443359375,-0.0703423762432418,8.470730200615133,2024-07-01,50,17
CBG.BK,2024-07-01,2023-12-31,2024-02-14,annual,fixed,True,138,63.368446350097656,3043299765.0,1000000000.0,0.08,4658151381.0,-0.0188392631444259,0.06550979614257812,-0.08434905928700402,63.36805502007488,2024-07-01,50,17
IVL.BK,2024-07-01,2023-12-31,2024-02-14,annual,fixed,True,138,18.700511932373047,26903819000.0,5614552000.0,0.08,235649402000.0,-0.1749417486599893,-0.057765960693359375,-0.11717578796662992,18.701188993510787,2024-07-01,50,17
TOP.BK,2024-07-01,2023-12-31,2024-02-14,annual,fixed,True,138,48.232757568359375,13487130301.0,2234000000.0,0.08,155775678687.0,-0.0915577098257052,0.035437583923339844,-0.12699529374904506,48.23260064206387,2024-07-01,50,17
TU.BK,2024-07-01,2023-12-31,2024-02-14,annual,fixed,True,138,13.380671501159668,6316925000.0,4521185000.0,0.08,53498450000.0,-0.1249057966846063,0.01793670654296875,-0.14284250322757505,13.380651785571917,2024-07-01,50,17
BGRIM.BK,2024-07-01,2023-12-31,2024-02-14,annual,fixed,True,138,19.886842727661133,6126414704.0,2606900000.0,0.08,83681401439.0,-0.0846259273901087,0.06316375732421875,-0.14778968471432746,19.887209857304388,2024-07-01,50,17
GLOBAL.BK,2024-07-01,2023-12-31,2024-02-14,annual,fixed,True,138,13.093587875366213,3674818889.0,5602004153.0,0.08,10978774204.0,-0.0842006200996392,0.07144927978515625,-0.15564989988479544,13.093447376461453,2024-07-01,50,17
EGCO.BK,2024-07-01,2023-12-31,2024-02-14,annual,fixed,True,138,92.08483123779295,8899096000.0,526465000.0,0.08,92247639000.0,-0.1677833608902166,-0.010703563690185547,-0.15707979720003104,92.08486778433048,2024-07-01,50,17
GPSC.BK,2024-07-01,2023-12-31,2024-02-14,annual,fixed,True,138,36.970664978027344,15951760162.0,2819000000.0,0.08,117442847442.0,-0.2636206521524312,-0.038245201110839844,-0.22537545104159135,36.97066943925445,2024-07-01,50,17
KTC.BK,2024-07-01,2023-12-31,2024-02-14,annual,fixed,True,138,37.25259399414063,1766195867.0,2577877959.0,0.08,61573800497.0,0.1112016140712677,0.41344451904296875,-0.30224290497170103,37.25250173178496,2024-07-01,50,17
CPF.BK,2024-07-01,2023-12-31,2024-02-14,annual,fixed,True,138,21.09542655944824,13050847000.0,7819000000.0,0.08,488975354000.0,-0.0461624665656116,0.2592124938964844,-0.305374960462096,21.094443616182055,2024-07-01,50,17
RATCH.BK,2024-07-01,2023-12-31,2024-02-14,annual,fixed,True,138,23.641332626342773,7679247281.0,2175000000.0,0.08,66406862233.0,-0.4155233073794843,-0.01717376708984375,-0.39834954028964054,23.6419127787393,2024-07-01,50,17
SCC.BK,2024-07-01,2023-12-31,2024-02-14,annual,fixed,True,138,213.29660034179688,10057022000.0,1199767731.0,0.08,293983295000.0,-0.1228264060771993,0.28165149688720703,-0.40447790296440633,213.29598317679785,2024-07-01,50,17
OSP.BK,2024-07-01,2023-12-31,2024-02-14,annual,fixed,True,138,22.31423568725586,675570018.0,3002628245.0,0.08,1348961969.0,-0.0441530125672264,0.44892120361328125,-0.4930742161805077,22.31383028604925,2024-07-01,50,17
AOT.BK,2024-09-30,2023-09-30,2023-11-14,annual,fixed,True,321,62.23675155639648,5269658894.0,14285700000.0,0.08,55384119007.0,1.907056030363309,0.6198844909667969,1.2871715393965122,62.23632140685577,2024-09-30,50,17
BBL.BK,2024-09-30,2023-12-31,2024-02-14,annual,fixed,True,229,141.7274932861328,110058999000.0,1908843000.0,0.08,473061020000.0,0.2352337042234515,-0.18385982513427734,0.4190935293577288,141.72752570918553,2024-09-30,50,17
MINT.BK,2024-09-30,2023-12-31,2024-02-14,annual,fixed,True,229,27.508760452270508,29240934690.0,5479000000.0,0.08,183214623848.0,0.2237967270720304,-0.07914924621582031,0.3029459732878507,27.509365614783057,2024-09-30,50,17
CPN.BK,2024-09-30,2023-12-31,2024-02-14,annual,fixed,True,229,61.87828826904297,19898007759.0,4488000000.0,0.08,120154806799.0,0.2821903946987536,0.04055595397949219,0.24163444071926143,61.87926571417828,2024-09-30,50,17
CCET.BK,2024-09-30,2023-12-31,2024-02-14,annual,fixed,True,229,3.534690618515014,11651127561.0,6428153000.0,0.08,17417417506.0,-0.1238979823102164,-0.310394287109375,0.1864963047991586,3.5349550797192633,2024-09-30,50,17
OR.BK,2024-09-30,2023-12-31,2024-02-14,annual,fixed,True,229,16.673603057861328,28829293622.0,12058768179.0,0.08,-15560274183.0,-0.0253790588577904,-0.19329833984375,0.1679192809859596,16.672715609969547,2024-09-30,50,17
AWC.BK,2024-09-30,2023-12-31,2024-02-14,annual,fixed,True,229,3.6511361598968506,2690072194.0,32013716000.0,0.08,70540783275.0,0.463910372843862,0.3455810546875,0.118329318156362,3.651138536522392,2024-09-30,50,17
TISCO.BK,2024-09-30,2023-12-31,2024-02-14,annual,fixed,True,229,89.17658996582031,7261251000.0,800655000.0,0.08,18471289000.0,0.0553973029748231,-0.06250667572021484,0.11790397869503794,89.17649044294576,2024-09-30,50,17
CENTEL.BK,2024-09-30,2023-12-31,2024-02-14,annual,fixed,True,229,39.78829956054688,2807020487.0,1350000000.0,0.08,24586374912.0,0.231912841496547,0.11632156372070312,0.11559127777584388,39.78735292489789,2024-09-30,50,17
CPALL.BK,2024-09-30,2023-12-31,2024-02-14,annual,fixed,True,229,63.774635314941406,58828831358.0,8983000000.0,0.08,360292526701.0,0.0798242383212359,-0.010038375854492188,0.08986261417572809,63.77475910766475,2024-09-30,50,17
PTT.BK,2024-09-30,2023-12-31,2024-02-14,annual,fixed,True,229,30.43377494812012,204486768442.0,28577520650.0,0.08,744307776508.0,-0.0660248283219039,-0.15349578857421875,0.08747096025231485,30.433485944967686,2024-09-30,50,17
BH.BK,2024-09-30,2023-12-31,2024-02-14,annual,fixed,True,229,248.35806274414065,5419119872.0,867415000.0,0.08,-3682909602.0,0.2246847615980067,0.19696950912475586,0.02771525247325085,248.35798906310316,2024-09-30,50,17
BEM.BK,2024-09-30,2023-12-31,2024-02-14,annual,fixed,True,229,7.733124732971191,5713375237.0,15124571800.0,0.08,67174028014.0,0.1671464104558424,0.150390625,0.016755785455842387,7.733785813375042,2024-09-30,50,17
SCGP.BK,2024-09-30,2023-12-31,2024-02-14,annual,fixed,True,229,27.48099708557129,14099017000.0,4301748361.0,0.08,39224277000.0,-0.1141245795974688,-0.08376693725585938,-0.030357642341609425,27.480221385297202,2024-09-30,50,17
KCE.BK,2024-09-30,2023-12-31,2024-02-14,annual,fixed,True,229,35.70903778076172,3765720730.0,1185918593.0,0.08,460442625.0,-0.1144707210828365,-0.0800933837890625,-0.034377337293774,35.70913508077067,2024-09-30,50,17
BJC.BK,2024-09-30,2023-12-31,2024-02-14,annual,fixed,True,229,23.899900436401367,10804302204.0,4007797000.0,0.08,161334829735.0,0.0288287127107582,0.07971763610839844,-0.050888923397640236,23.90030755132406,2024-09-30,50,17
ADVANC.BK,2024-09-30,2023-12-31,2024-02-14,annual,fixed,True,229,232.07485961914065,36648784513.0,2974000000.0,0.08,227639225668.0,0.0182663828921181,0.0913848876953125,-0.0731185048031944,232.07538500153134,2024-09-30,50,17
BDMS.BK,2024-09-30,2023-12-31,2024-02-14,annual,fixed,True,229,28.00953483581543,12527271705.0,15892001895.0,0.08,10339182818.0,0.0970150000335783,0.17937850952148438,-0.08236350948790608,28.00927378961225,2024-09-30,50,17
HMPRO.BK,2024-09-30,2023-12-31,2024-02-14,annual,fixed,True,229,9.90184497833252,4561597342.0,13151198000.0,0.08,18163064846.0,0.0502020573505082,0.152587890625,-0.1023858332744918,9.901720310270319,2024-09-30,50,17
CBG.BK,2024-09-30,2023-12-31,2024-02-14,annual,fixed,True,229,75.94501495361328,3043299765.0,1000000000.0,0.08,4658151381.0,-0.0188392631444259,0.10428237915039062,-0.12312164229481652,75.94496750822492,2024-09-30,50,17
TOP.BK,2024-09-30,2023-12-31,2024-02-14,annual,fixed,True,229,47.72587203979492,13487130301.0,2234000000.0,0.08,155775678687.0,-0.0915577098257052,0.03448486328125,-0.1260425731069552,47.72588419799512,2024-09-30,50,17
IVL.BK,2024-09-30,2023-12-31,2024-02-14,annual,fixed,True,229,23.663646697998047,26903819000.0,5614552000.0,0.08,235649402000.0,-0.1749417486599893,-0.04128074645996094,-0.13366100220002836,23.663760346130164,2024-09-30,50,17
TU.BK,2024-09-30,2023-12-31,2024-02-14,annual,fixed,True,229,13.380613327026367,6316925000.0,4521185000.0,0.08,53498450000.0,-0.1249057966846063,0.01793670654296875,-0.14284250322757505,13.380651785571917,2024-09-30,50,17
TLI.BK,2024-09-30,2023-12-31,2024-02-14,annual,fixed,True,229,10.34237289428711,3423863000.0,11450000000.0,0.08,-7696188000.0,0.00630922473228,0.151214599609375,-0.144905374877095,10.343283543366143,2024-09-30,50,17
BGRIM.BK,2024-09-30,2023-12-31,2024-02-14,annual,fixed,True,229,22.70993423461914,6126414704.0,2606900000.0,0.08,83681401439.0,-0.0846259273901087,0.07512283325195312,-0.15974876064206184,22.70908227046094,2024-09-30,50,17
GLOBAL.BK,2024-09-30,2023-12-31,2024-02-14,annual,fixed,True,229,14.06675910949707,3674818889.0,5602004153.0,0.08,10978774204.0,-0.0842006200996392,0.0857086181640625,-0.1699092382637017,14.066587521207042,2024-09-30,50,17
EGCO.BK,2024-09-30,2023-12-31,2024-02-14,annual,fixed,True,229,112.81212615966795,8899096000.0,526465000.0,0.08,92247639000.0,-0.1677833608902166,0.005429744720458984,-0.17321310561067557,112.81216474705559,2024-09-30,50,17
GPSC.BK,2024-09-30,2023-12-31,2024-02-14,annual,fixed,True,229,45.66667556762695,15951760162.0,2819000000.0,0.08,117442847442.0,-0.2636206521524312,-0.01593780517578125,-0.24768284697664994,45.66620672556143,2024-09-30,50,17
CPF.BK,2024-09-30,2023-12-31,2024-02-14,annual,fixed,True,229,22.51399803161621,13050847000.0,7819000000.0,0.08,488975354000.0,-0.0461624665656116,0.2635154724121094,-0.309677938977721,22.514616476781754,2024-09-30,50,17
KTC.BK,2024-09-30,2023-12-31,2024-02-14,annual,fixed,True,229,44.56598663330078,1766195867.0,2577877959.0,0.08,61573800497.0,0.1112016140712677,0.4453392028808594,-0.33413758880959166,44.566047856057175,2024-09-30,50,17
SCC.BK,2024-09-30,2023-12-31,2024-02-14,annual,fixed,True,229,231.32730102539065,10057022000.0,1199767731.0,0.08,293983295000.0,-0.1228264060771993,0.29166579246520996,-0.41449219854240926,231.32740673931897,2024-09-30,50,17
RATCH.BK,2024-09-30,2023-12-31,2024-02-14,annual,fixed,True,229,29.546031951904297,7679247281.0,2175000000.0,0.08,66406862233.0,-0.4155233073794843,0.0051250457763671875,-0.4206483531558515,29.54615552350607,2024-09-30,50,17
OSP.BK,2024-09-30,2023-12-31,2024-02-14,annual,fixed,True,229,22.133995056152344,675570018.0,3002628245.0,0.08,1348961969.0,-0.0441530125672264,0.4466552734375,-0.4908082860047264,22.133714962198255,2024-09-30,50,17
GPSC.BK,2025-01-02,2024-09-30,2024-11-14,quarterly,fixed,True,49,35.201393127441406,6875236170.0,2852097852.0,0.08,112806991768.0,0.0,0.14122390747070312,-0.14122390747070312,35.202372764490356,2025-01-02,50,43
TU.BK,2025-01-02,2024-09-30,2024-11-14,quarterly,fixed,True,49,11.730949401855469,2356691000.0,4667410000.0,0.08,50537038000.0,0.0,0.23020172119140625,-0.23020172119140625,11.729985634123597,2025-01-02,50,43
ADVANC.BK,2025-01-02,2024-09-30,2024-11-14,quarterly,fixed,True,49,254.38975524902344,18289920000.0,2979026780.0,0.08,211500758000.0,0.0,0.2736020088195801,-0.2736020088195801,254.3889927035447,2025-01-02,50,43
TRUE.BK,2025-01-02,2024-09-30,2024-11-14,quarterly,fixed,True,49,11.016551971435549,14351597000.0,40508650000.0,0.08,418702305000.0,0.0,0.307037353515625,-0.307037353515625,11.016074070309811,2025-01-02,50,43
SCGP.BK,2025-01-02,2024-09-30,2024-11-14,quarterly,fixed,True,49,18.478599548339844,1466666000.0,4441115385.0,0.08,57770524000.0,0.0,0.4320640563964844,-0.4320640563964844,18.478726837207063,2025-01-02,50,43
GLOBAL.BK,2025-01-02,2024-09-30,2024-11-14,quarterly,fixed,True,49,11.943475723266602,483490000.0,5601996296.0,0.08,10300181000.0,0.0,0.584075927734375,-0.584075927734375,11.94284765247743,2025-01-02,50,43
DELTA.BK,2025-01-02,2024-09-30,2024-11-14,quarterly,fixed,True,49,137.91317749023438,9575493000.0,12576372340.0,0.08,-11176029000.0,0.0,0.6211719512939453,-0.6211719512939453,137.91341409436245,2025-01-02,50,43
KBANK.BK,2025-03-31,2024-12-31,2025-02-14,quarterly,fixed,True,45,149.0393524169922,71180078000.0,2369327593.0,0.08,-170514380000.0,0.0,-0.36400413513183594,0.36400413513183594,149.04033068933256,2025-03-31,50,15
KTB.BK,2025-03-31,2024-12-31,2025-02-14,quarterly,fixed,True,45,20.696924209594727,76378584000.0,13976061250.0,0.08,-72783189000.0,0.0,-0.3459625244140625,0.3459625244140625,20.69704942396783,2025-03-31,50,15
TTB.BK,2025-03-31,2024-12-31,2025-02-14,quarterly,fixed,True,45,1.8243178129196167,9309938000.0,97404035255.0,0.08,-136791624000.0,0.0,-0.265625,0.265625,1.8240442567351562,2025-03-31,50,15
OR.BK,2025-03-31,2024-12-31,2025-02-14,quarterly,fixed,True,45,11.29929542541504,13866184662.0,12000000000.0,0.08,-18497270084.0,0.0,-0.1401519775390625,0.1401519775390625,11.298860526721382,2025-03-31,50,15
KKP.BK,2025-03-31,2024-12-31,2025-02-14,quarterly,fixed,True,45,50.22027969360352,8527328000.0,846760480.0,0.08,40259128000.0,0.0,-0.11224555969238281,0.11224555969238281,50.22114952464341,2025-03-31,50,15
TOP.BK,2025-03-31,2024-12-31,2025-02-14,quarterly,fixed,True,45,23.486331939697266,18654961375.0,2233835566.0,0.08,145312506520.0,0.0,-0.09438419342041016,0.09438419342041016,23.48617926765712,2025-03-31,50,15
BTS.BK,2025-03-31,2024-12-31,2025-02-14,quarterly,fixed,True,45,5.150000095367432,13733870000.0,13774000000.0,0.08,144773574000.0,0.0,-0.0121612548828125,0.0121612548828125,5.150292443814392,2025-03-31,50,15
CCET.BK,2025-03-31,2024-12-31,2025-02-14,quarterly,fixed,True,45,5.675703048706055,4272779783.0,10450002831.0,0.08,13180767046.0,0.0,0.00445556640625,-0.00445556640625,5.674713591819857,2025-03-31,50,15
SAWAD.BK,2025-03-31,2024-12-31,2025-02-14,quarterly,fixed,True,45,23.99768447875977,5659323000.0,1661510744.0,0.08,62869830000.0,0.0,0.019252777099609375,-0.019252777099609375,23.998385865614264,2025-03-31,50,15
PTT.BK,2025-03-31,2024-12-31,2025-02-14,quarterly,fixed,True,45,29.897314071655277,72567292628.0,28562996250.0,0.08,701057067827.0,0.0,0.056011199951171875,-0.056011199951171875,29.898098819368723,2025-03-31,50,15
TLI.BK,2025-03-31,2024-12-31,2025-02-14,quarterly,fixed,True,45,10.916948318481444,4821101000.0,11450000000.0,0.08,-10917260000.0,0.0,0.07843017578125,-0.07843017578125,10.917350309848766,2025-03-31,50,15
OSP.BK,2025-03-31,2024-12-31,2025-02-14,quarterly,fixed,True,45,12.93545150756836,1591276540.0,3003750000.0,0.08,440564780.0,0.0,0.08815765380859375,-0.08815765380859375,12.935271387148598,2025-03-31,50,15
MINT.BK,2025-03-31,2024-12-31,2025-02-14,quarterly,fixed,True,45,25.56123924255371,11857322223.0,5669976977.0,0.08,165876219659.0,0.0,0.10188484191894531,-0.10188484191894531,25.561129157690818,2025-03-31,50,15
ADVANC.BK,2025-03-31,2024-12-31,2025-02-14,quarterly,fixed,True,45,250.334716796875,23730280846.0,2974209736.0,0.08,191023407633.0,0.0867041707123605,0.19916820526123047,-0.11246403454886997,250.33492105551545,2025-03-31,50,15
TU.BK,2025-03-31,2024-12-31,2025-02-14,quarterly,fixed,True,45,10.300423622131348,3612507000.0,4455132696.0,0.08,60178326000.0,0.0071828814746197,0.128326416015625,-0.1211435345410053,10.300685978943967,2025-03-31,50,15
GLOBAL.BK,2025-03-31,2024-12-31,2025-02-14,quarterly,fixed,True,45,6.302563667297363,1198322548.0,5602003747.0,0.08,9132880978.0,0.0611068420256755,0.184173583984375,-0.1230667419586995,6.301856738477616,2025-03-31,50,15
EA.BK,2025-03-31,2024-12-31,2025-02-14,quarterly,fixed,True,45,2.059999942779541,2347470435.0,5377942717.0,0.08,59147153221.0,0.0,0.132720947265625,-0.132720947265625,2.059810115935816,2025-03-31,50,15
CPALL.BK,2025-03-31,2024-12-31,2025-02-14,quarterly,fixed,True,45,48.19609832763672,25984389111.0,8983000000.0,0.08,369975832254.0,0.0,0.14037704467773438,-0.14037704467773438,48.19653764163801,2025-03-31,50,15
SCC.BK,2025-03-31,2024-12-31,2025-02-14,quarterly,fixed,True,45,149.73883056640625,14825088000.0,1200000000.0,0.08,311942822000.0,0.0,0.1571977138519287,-0.1571977138519287,149.73896719603292,2025-03-31,50,15
HMPRO.BK,2025-03-31,2024-12-31,2025-02-14,quarterly,fixed,True,45,8.188064575195312,2753603239.0,13151198025.0,0.08,18035611777.0,0.0634898372842114,0.2356719970703125,-0.1721821597861011,8.18873809718596,2025-03-31,50,15
GPSC.BK,2025-03-31,2024-12-31,2025-02-14,quarterly,fixed,True,45,25.86161422729492,4099497890.0,2819729367.0,0.08,133467852477.0,0.0500012712203121,0.26043701171875,-0.21043574049843788,25.862448291792997,2025-03-31,50,15
KCE.BK,2025-03-31,2024-12-31,2025-02-14,quarterly,fixed,True,45,14.93715000152588,414848736.0,1182088596.0,0.08,-402623345.0,0.0,0.212371826171875,-0.212371826171875,14.936889389522175,2025-03-31,50,15
EGCO.BK,2025-03-31,2024-12-31,2025-02-14,quarterly,fixed,True,45,86.66947174072266,3058952000.0,526465000.0,0.08,85775793000.0,0.0,0.22040271759033203,-0.22040271759033203,86.66976014033355,2025-03-31,50,15
BJC.BK,2025-03-31,2024-12-31,2025-02-14,quarterly,fixed,True,45,21.867923736572266,5629095487.0,4007796699.0,0.08,155820196946.0,0.0,0.22209930419921875,-0.22209930419921875,21.867903813700366,2025-03-31,50,15
CBG.BK,2025-03-31,2024-12-31,2025-02-14,quarterly,fixed,True,45,55.138031005859375,1279404820.0,1000000000.0,0.08,1707641451.0,0.0,0.22882843017578125,-0.22882843017578125,55.13762802021178,2025-03-31,50,15
SCGP.BK,2025-03-31,2024-12-31,2025-02-14,quarterly,fixed,True,45,12.698114395141602,3048820000.0,4292920000.0,0.08,55027827000.0,-0.064105161990114,0.17650604248046875,-0.24061120447058276,12.698895610825094,2025-03-31,50,15
CPF.BK,2025-03-31,2024-12-31,2025-02-14,quarterly,fixed,True,45,22.326379776000977,13733414000.0,8413569000.0,0.08,469952802000.0,0.0,0.2477569580078125,-0.2477569580078125,22.327086849764,2025-03-31,50,15
BH.BK,2025-03-31,2024-12-31,2025-02-14,quarterly,fixed,True,45,154.45114135742188,2180130622.0,794915942.0,0.08,-3119939183.0,0.0,0.28263282775878906,-0.28263282775878906,154.45158821292355,2025-03-31,50,15
CPN.BK,2025-03-31,2024-12-31,2025-02-14,quarterly,fixed,True,45,45.271263122558594,5134658530.0,4488000000.0,0.08,123458045372.0,0.0,0.3212909698486328,-0.3212909698486328,45.27084210863832,2025-03-31,50,15
TCAP.BK,2025-03-31,2024-12-31,2025-02-14,quarterly,fixed,True,45,46.469764709472656,1495045000.0,1048603907.0,0.08,54418022000.0,0.0,0.3429374694824219,-0.3429374694824219,46.468782976332314,2025-03-31,50,15
TISCO.BK,2025-03-31,2024-12-31,2025-02-14,quarterly,fixed,True,45,91.48686981201172,919458000.0,800655483.0,0.08,10499836000.0,0.0,0.41919517517089844,-0.41919517517089844,91.48661650294581,2025-03-31,50,15
TRUE.BK,2025-03-31,2024-12-31,2025-02-14,quarterly,fixed,True,45,11.50836181640625,7506877000.0,34552100801.0,0.08,409133528000.0,0.0374112516011686,0.46624755859375,-0.4288363069925814,11.508751919394859,2025-03-31,50,15
RATCH.BK,2025-03-31,2024-12-31,2025-02-14,quarterly,fixed,True,45,23.832612991333008,1309363159.0,2174999985.0,0.08,84404103548.0,0.0,0.4569435119628906,-0.4569435119628906,23.832199253808348,2025-03-31,50,15
AOT.BK,2025-03-31,2024-12-31,2025-02-14,quarterly,fixed,True,45,37.18375015258789,3364562032.0,14444049019.0,0.08,33203035452.0,0.0,0.6025009155273438,-0.6025009155273438,37.18472457599534,2025-03-31,50,15
DELTA.BK,2025-03-31,2024-12-31,2025-02-14,quarterly,fixed,True,45,65.60169219970703,1681096905.0,12473816140.0,0.08,-14244828545.0,-0.0342027104975307,0.9525871276855469,-0.9867898381830775,65.60256096126443,2025-03-31,50,15
KKP.BK,2025-06-30,2025-03-31,2025-05-15,quarterly,fixed,True,46,44.123443603515625,7693064000.0,829389844.0,0.08,33403874000.0,-0.0637158894179191,-0.12526893615722656,0.06155304673930746,44.12244997762924,2025-06-30,50,15
SAWAD.BK,2025-06-30,2025-03-31,2025-05-15,quarterly,fixed,True,46,15.9121675491333,4290744000.0,1657653288.0,0.08,59219688000.0,0.0596463149191586,0.04004096984863281,0.01960534507052579,15.912133954615769,2025-06-30,50,15
KTC.BK,2025-06-30,2025-03-31,2025-05-15,quarterly,fixed,True,46,22.595703125,6668052000.0,2584040278.0,0.08,52627385000.0,-0.0268068791371918,0.000392913818359375,-0.027199792955551173,22.59480503920115,2025-06-30,50,15
KCE.BK,2025-06-30,2025-03-31,2025-05-15,quarterly,fixed,True,46,17.315677642822266,851411000.0,1209521053.0,0.08,-1240658000.0,0.0262695883242207,0.0733489990234375,-0.0470794106992168,17.31503792112319,2025-06-30,50,15
GLOBAL.BK,2025-06-30,2025-03-31,2025-05-15,quarterly,fixed,True,46,4.703405380249023,1008594000.0,5394522518.0,0.08,8200901000.0,0.0988111886685136,0.1580810546875,-0.0592698660189864,4.702862756529208,2025-06-30,50,15
COM7.BK,2025-06-30,2025-03-31,2025-05-15,quarterly,fixed,True,46,17.595556259155273,3513038000.0,2354998000.0,0.08,6094911000.0,-0.1093552889321269,-0.04386138916015625,-0.06549389977197065,17.59591277591696,2025-06-30,50,15
BGRIM.BK,2025-06-30,2025-03-31,2025-05-15,quarterly,fixed,True,46,10.05215072631836,4643165000.0,2606900000.0,0.08,96819956000.0,0.0259865539584696,0.10437393188476562,-0.07838737792629602,10.052148948063401,2025-06-30,50,15
OSP.BK,2025-06-30,2025-03-31,2025-05-15,quarterly,fixed,True,46,14.64912223815918,1172183000.0,3012116667.0,0.08,-1156233000.0,0.0638019393709112,0.1813812255859375,-0.1175792862150263,14.6497845504552,2025-06-30,50,15
KBANK.BK,2025-06-30,2025-03-31,2025-05-15,quarterly,fixed,True,46,151.70468139648438,48164937000.0,2369328000.0,0.08,216651226000.0,-0.1928775616737389,-0.06960201263427734,-0.12327554903946156,151.7046394093551,2025-06-30,50,15
TCAP.BK,2025-06-30,2025-03-31,2025-05-15,quarterly,fixed,True,46,44.58951187133789,2815766000.0,1048604000.0,0.08,50991430000.0,0.0155847459626337,0.16819190979003906,-0.15260716382740536,44.59024171358073,2025-06-30,50,15
CPF.BK,2025-06-30,2025-03-31,2025-05-15,quarterly,fixed,True,46,22.037656784057617,19355759000.0,7744000000.0,0.08,462511033000.0,-0.0291860861113919,0.1539325714111328,-0.1831186575225247,22.03780518484645,2025-06-30,50,15
TISCO.BK,2025-06-30,2025-03-31,2025-05-15,quarterly,fixed,True,46,94.86219787597656,2634783000.0,801647805.0,0.08,17138880000.0,-0.0384349616066317,0.17268657684326172,-0.21112153844989343,94.86217232597438,2025-06-30,50,15
ADVANC.BK,2025-06-30,2025-03-31,2025-05-15,quarterly,fixed,True,46,253.06565856933597,22388737000.0,2972900562.0,0.08,171510186000.0,-0.0074852039480507,0.21041488647460938,-0.21790009042266006,253.0660330058769,2025-06-30,50,15
HMPRO.BK,2025-06-30,2025-03-31,2025-05-15,quarterly,fixed,True,46,6.367516040802002,1934346000.0,13133661538.0,0.08,16457716000.0,0.0332848307953987,0.2674407958984375,-0.2341559651030388,6.367639840285629,2025-06-30,50,15
GPSC.BK,2025-06-30,2025-03-31,2025-05-15,quarterly,fixed,True,46,28.27858543395996,4394288362.0,2850090960.0,0.08,107287510252.0,-0.034010188775514,0.21923828125,-0.253248470025514,28.2793849133884,2025-06-30,50,15
IVL.BK,2025-06-30,2025-03-31,2025-05-15,quarterly,fixed,True,46,19.929821014404297,7683552000.0,5614552000.0,0.08,240622805000.0,-0.0298978432778244,0.23688507080078125,-0.26678291407860566,19.929914625580253,2025-06-30,50,15
PTT.BK,2025-06-30,2025-03-31,2025-05-15,quarterly,fixed,True,46,28.02873039245605,30426415323.0,28557869583.0,0.08,678328977162.0,-0.0333396181308764,0.2514533996582031,-0.2847930177890795,28.02820435059202,2025-06-30,50,15
BTS.BK,2025-06-30,2025-03-31,2025-05-15,quarterly,fixed,True,46,3.5999999046325684,2377683065.0,16093784268.0,0.08,148986502615.0,0.082277828403982,0.406463623046875,-0.324185794642893,3.60050251390709,2025-06-30,50,15
BDMS.BK,2025-06-30,2025-03-31,2025-05-15,quarterly,fixed,True,46,19.757680892944336,4396743000.0,15892001895.0,0.08,6825525000.0,0.0248223880433635,0.3580322265625,-0.3332098385191365,19.7569314998119,2025-06-30,50,15
AOT.BK,2025-06-30,2025-03-31,2025-05-15,quarterly,fixed,True,46,29.79625129699707,6591842312.0,14437915651.0,0.08,38763482331.0,0.0136984712882064,0.3512001037597656,-0.33750163247155923,29.796383932224508,2025-06-30,50,15
EA.BK,2025-06-30,2025-03-31,2025-05-15,quarterly,fixed,True,46,2.4800000190734863,1594672000.0,6592000000.0,0.08,51428479000.0,-0.1400426582795851,0.2177734375,-0.35781609577958506,2.480981013852616,2025-06-30,50,15
SCC.BK,2025-06-30,2025-03-31,2025-05-15,quarterly,fixed,True,46,163.92703247070312,7992471000.0,1194400000.0,0.08,304540454000.0,-0.0468925362928628,0.3170437812805176,-0.3639363175733804,163.92735774851477,2025-06-30,50,15
BH.BK,2025-06-30,2025-03-31,2025-05-15,quarterly,fixed,True,46,130.9783172607422,1728928000.0,867415000.0,0.08,-3103226000.0,-0.0513205444403057,0.3225555419921875,-0.3738760864324932,130.97797596433566,2025-06-30,50,15
CBG.BK,2025-06-30,2025-03-31,2025-05-15,quarterly,fixed,True,46,47.60816955566406,859972000.0,1000000000.0,0.08,885905000.0,-0.1086485374595543,0.2896537780761719,-0.39830231553572615,47.60825144738598,2025-06-30,50,15
SCGP.BK,2025-06-30,2025-03-31,2025-05-15,quarterly,fixed,True,46,16.478469848632812,1320656000.0,4285104762.0,0.08,55882002000.0,0.0313115782444928,0.43335723876953125,-0.40204566052503843,16.478171571276732,2025-06-30,50,15
CPN.BK,2025-06-30,2025-03-31,2025-05-15,quarterly,fixed,True,46,44.5488510131836,5440365000.0,4497028723.0,0.08,122516236000.0,-0.1077246973907941,0.3029804229736328,-0.4107051203644269,44.54858421039962,2025-06-30,50,15
BJC.BK,2025-06-30,2025-03-31,2025-05-15,quarterly,fixed,True,46,18.932456970214844,3063142000.0,4007797000.0,0.08,155076166000.0,-0.0568591280678846,0.3669471740722656,-0.42380630214015025,18.933301733237265,2025-06-30,50,15
TTB.BK,2025-06-30,2025-03-31,2025-05-15,quarterly,fixed,True,46,1.8246910572052,10382477000.0,97495000000.0,0.08,103187212000.0,-0.3408881085381781,0.109375,-0.4502631085381781,1.8247623145397769,2025-06-30,50,15
CPALL.BK,2025-06-30,2025-03-31,2025-05-15,quarterly,fixed,True,46,44.0,7042081000.0,8983000000.0,0.08,370841813000.0,-0.0155887243112629,0.4697551727294922,-0.4853438970407551,43.99962184193991,2025-06-30,50,15
CENTEL.BK,2025-06-30,2025-03-31,2025-05-15,quarterly,fixed,True,46,24.200000762939453,422950000.0,1350000000.0,0.08,28894036000.0,0.0693889345619493,0.5558433532714844,-0.4864544187095351,24.20012823883425,2025-06-30,50,15
MINT.BK,2025-06-30,2025-03-31,2025-05-15,quarterly,fixed,True,46,22.902565002441406,3948081000.0,5670000000.0,0.08,170759235000.0,-0.1215457644001817,0.3696250915527344,-0.4911708559529161,22.903160173906933,2025-06-30,50,15
CCET.BK,2025-06-30,2025-03-31,2025-05-15,quarterly,fixed,True,46,5.287621021270752,633231000.0,10113433333.0,0.08,12374536000.0,-0.1442008284746661,0.456817626953125,-0.6010184554277911,5.2884292917233235,2025-06-30,50,15
EGCO.BK,2025-06-30,2025-03-31,2025-05-15,quarterly,fixed,True,46,95.40726470947266,827956000.0,526762297.0,0.08,82564122000.0,-0.0254387382100669,0.5854964256286621,-0.610935163838729,95.4072134082152,2025-06-30,50,15
RATCH.BK,2025-06-30,2025-03-31,2025-05-15,quarterly,fixed,True,46,22.841554641723636,1376624000.0,2177955357.0,0.08,85929237000.0,-0.1862865598736048,0.44145965576171875,-0.6277462156353235,22.840641888643304,2025-06-30,50,15
VGI.BK,2025-06-30,2025-03-31,2025-05-15,quarterly,fixed,True,46,2.087122678756714,190589943.0,20000000000.0,0.08,-17502662976.0,-0.1592867692208843,0.5155029296875,-0.6747896989083844,2.0873732864886603,2025-06-30,50,15
TIDLOR.BK,2025-09-30,2025-06-30,2025-08-14,quarterly,fixed,True,47,19.339893341064453,1331089419.0,2895935.0,0.08,70047903000.0,1065233.2761443988,0.27198680490255356,1065233.004157594,19.34034313140408,2025-09-30,50,10
TTB.BK,2025-09-30,2025-06-30,2025-08-14,quarterly,fixed,True,47,1.8343455791473389,22314860000.0,96391000000.0,0.08,-103537124000.0,-0.010179706377413,-0.319091796875,0.308912090497587,1.834679237698292,2025-09-30,50,10
KBANK.BK,2025-09-30,2025-06-30,2025-08-14,quarterly,fixed,True,47,167.5,32597691000.0,2369328000.0,0.08,-160730805000.0,0.0601548659728954,-0.170318603515625,0.2304734694885204,167.5002919179417,2025-09-30,50,10
TLI.BK,2025-09-30,2025-06-30,2025-08-14,quarterly,fixed,True,47,10.600000381469728,12102188000.0,11390006250.0,0.08,-10487669000.0,0.0771230378558198,-0.1250457763671875,0.2021688142230073,10.599410076775445,2025-09-30,50,10
KKP.BK,2025-09-30,2025-06-30,2025-08-14,quarterly,fixed,True,47,58.75,10009567000.0,829060000.0,0.08,31326600000.0,-0.0213144704829465,-0.15094947814941406,0.12963500766646757,58.74929768201289,2025-09-30,50,10
TOP.BK,2025-09-30,2025-06-30,2025-08-14,quarterly,fixed,True,47,34.61199188232422,20753191000.0,2233025862.0,0.08,114349943000.0,-0.0675961856294337,-0.12231063842773438,0.05471445279830067,34.61248004669022,2025-09-30,50,10
MINT.BK,2025-09-30,2025-06-30,2025-08-14,quarterly,fixed,True,47,23.100000381469727,6650923000.0,5670000000.0,0.08,172330048000.0,0.1831699110367699,0.23536300659179688,-0.052193095555026964,23.099279869183757,2025-09-30,50,10
BGRIM.BK,2025-09-30,2025-06-30,2025-08-14,quarterly,fixed,True,47,13.430644035339355,3074251000.0,2606900000.0,0.08,97331394000.0,0.0994249195590026,0.2209320068359375,-0.1215070872769349,13.430132970469081,2025-09-30,50,10
TISCO.BK,2025-09-30,2025-06-30,2025-08-14,quarterly,fixed,True,47,102.0,3128464000.0,801716098.0,0.08,19675872000.0,0.0270587740804459,0.15184974670410156,-0.12479097262365565,101.99935267881983,2025-09-30,50,10
CPF.BK,2025-09-30,2025-06-30,2025-08-14,quarterly,fixed,True,47,22.299999237060547,19828448000.0,7741000000.0,0.08,490471786000.0,0.023722658202572,0.1592082977294922,-0.1354856395269202,22.299606146821066,2025-09-30,50,10
GPSC.BK,2025-09-30,2025-06-30,2025-08-14,quarterly,fixed,True,47,37.92275238037109,4813734822.0,2804515286.0,0.08,107669867885.0,0.0496370984923619,0.22900009155273438,-0.17936299306037248,37.92311296235199,2025-09-30,50,10
TU.BK,2025-09-30,2025-06-30,2025-08-14,quarterly,fixed,True,47,12.43871021270752,1929452000.0,3976781250.0,0.08,66905157000.0,0.1208565130927874,0.3072319030761719,-0.1863753899833845,12.438719421333174,2025-09-30,50,10
OR.BK,2025-09-30,2025-06-30,2025-08-14,quarterly,fixed,True,47,13.904167175292969,5214725722.0,11746313242.0,0.08,-21774185339.0,-0.0836292357827047,0.1099700927734375,-0.1935993285561422,13.903810987064574,2025-09-30,50,10
RATCH.BK,2025-09-30,2025-06-30,2025-08-14,quarterly,fixed,True,47,25.039655685424805,1965668000.0,2165738947.0,0.08,86963084000.0,0.1560976836832994,0.3537921905517578,-0.1976945068684584,25.03944488553373,2025-09-30,50,10
OSP.BK,2025-09-30,2025-06-30,2025-08-14,quarterly,fixed,True,47,17.200000762939453,1273319000.0,2969623529.0,0.08,-1744801000.0,-0.0035231508691137,0.19488525390625,-0.1984084047753637,17.200009611329243,2025-09-30,50,10
CBG.BK,2025-09-30,2025-06-30,2025-08-14,quarterly,fixed,True,47,53.89675521850586,1078583000.0,1000000000.0,0.08,1011802000.0,0.0467108457455225,0.263275146484375,-0.2165643007388525,53.8967236567361,2025-09-30,50,10
SCGP.BK,2025-09-30,2025-06-30,2025-08-14,quarterly,fixed,True,47,18.867328643798828,3488638000.0,4207470833.0,0.08,58652370000.0,-0.0202420168726784,0.2000579833984375,-0.2203000002711159,18.86800254050286,2025-09-30,50,10
EGCO.BK,2025-09-30,2025-06-30,2025-08-14,quarterly,fixed,True,47,111.25,2577560000.0,526167561.0,0.08,80950510000.0,0.0577706937088626,0.27898359298706055,-0.22121289927819796,111.24992296773591,2025-09-30,50,10
SCC.BK,2025-09-30,2025-06-30,2025-08-14,quarterly,fixed,True,47,227.22222900390625,12013004000.0,1199812180.0,0.08,295739259000.0,0.0023466884163492,0.2446427345275879,-0.2422960461112387,227.2230647042131,2025-09-30,50,10
TCAP.BK,2025-09-30,2025-06-30,2025-08-14,quarterly,fixed,True,47,50.25,1693033000.0,1048617000.0,0.08,50573912000.0,0.0582596438863582,0.31019020080566406,-0.2519305569193059,50.25015987651521,2025-09-30,50,10
SAWAD.BK,2025-09-30,2025-06-30,2025-08-14,quarterly,fixed,True,47,29.649999618530277,1863968000.0,1671105263.0,0.08,57099621000.0,0.0152543994007949,0.29343605041503906,-0.27818165101424414,29.65027923438532,2025-09-30,50,10
CCET.BK,2025-09-30,2025-06-30,2025-08-14,quarterly,fixed,True,47,5.400201797485352,1550360000.0,9604040000.0,0.08,11427136000.0,-0.0914015186849318,0.207794189453125,-0.2991957081380568,5.401151754471242,2025-09-30,50,10
EA.BK,2025-09-30,2025-06-30,2025-08-14,quarterly,fixed,True,47,3.3399999141693115,1504145000.0,7012000000.0,0.08,50440953000.0,-0.0910537784882542,0.2540740966796875,-0.3451278751679417,3.339933753632719,2025-09-30,50,10
CPN.BK,2025-09-30,2025-06-30,2025-08-14,quarterly,fixed,True,47,53.94023132324219,5417637000.0,4484308333.0,0.08,128381056000.0,-0.0218618779534435,0.3404083251953125,-0.362270203148756,53.93969812239223,2025-09-30,50,10
ADVANC.BK,2025-09-30,2025-06-30,2025-08-14,quarterly,fixed,True,47,271.25665283203125,13295703000.0,2976120596.0,0.08,179357140000.0,-0.0047419460765703,0.36261844635009766,-0.36736039242666796,271.25591879866374,2025-09-30,50,10
BJC.BK,2025-09-30,2025-06-30,2025-08-14,quarterly,fixed,True,47,20.5,2743665000.0,4007797000.0,0.08,155405868000.0,0.0015822831661933,0.40503883361816406,-0.40345655045197076,20.49993745343001,2025-09-30,50,10
PTT.BK,2025-09-30,2025-06-30,2025-08-14,quarterly,fixed,True,47,31.06517601013184,20401564614.0,28387050179.0,0.08,680226112435.0,-0.0335161515797872,0.3711357116699219,-0.4046518632497091,31.0649660602776,2025-09-30,50,10
TRUE.BK,2025-09-30,2025-06-30,2025-08-14,quarterly,fixed,True,47,10.229655265808104,9916521000.0,34426271186.0,0.08,402492164000.0,-0.0357560251398588,0.369476318359375,-0.4052323434992338,10.229781444936753,2025-09-30,50,10
LH.BK,2025-09-30,2025-06-30,2025-08-14,quarterly,fixed,True,47,4.187547206878662,650371000.0,11459008333.0,0.08,73528015000.0,0.2237165128517027,0.632965087890625,-0.4092485750389223,4.18843069942417,2025-09-30,50,10
CPALL.BK,2025-09-30,2025-06-30,2025-08-14,quarterly,fixed,True,47,47.25,8297972000.0,8972000000.0,0.08,390856508000.0,0.012475021354589,0.4404010772705078,-0.4279260559159188,47.24929648644062,2025-09-30,50,10
BH.BK,2025-09-30,2025-06-30,2025-08-14,quarterly,fixed,True,47,166.55099487304688,1167771000.0,867415000.0,0.08,-1819893000.0,-0.0190354664532798,0.503535270690918,-0.5225707371441978,166.55077104938366,2025-09-30,50,10
BDMS.BK,2025-09-30,2025-06-30,2025-08-14,quarterly,fixed,True,47,19.805988311767575,2553826000.0,15892001895.0,0.08,11099408000.0,-0.0483017919822964,0.5163955688476562,-0.5646973608299527,19.805645798707417,2025-09-30,50,10
IVL.BK,2025-09-30,2025-06-30,2025-08-14,quarterly,fixed,True,47,22.15652084350586,2409442000.0,5614552000.0,0.08,247911466000.0,-0.0075664876281794,0.5740165710449219,-0.5815830586731012,22.15716294023339,2025-09-30,50,10
CENTEL.BK,2025-09-30,2025-06-30,2025-08-14,quarterly,fixed,True,47,30.0,593137000.0,1350000000.0,0.08,29986247000.0,-0.1281878297013282,0.495452880859375,-0.6236407105607031,30.00043345815434,2025-09-30,50,10
AOT.BK,2025-09-30,2025-06-30,2025-08-14,quarterly,fixed,True,47,39.89250183105469,4806447144.0,14314062548.0,0.08,36188487529.0,-0.1431127984387206,0.5134544372558594,-0.65656723569458,39.89215536564545,2025-09-30,50,10
KTC.BK,2025-09-30,2025-06-30,2025-08-14,quarterly,fixed,True,47,28.24462890625,595427000.0,2595605479.0,0.08,55455813000.0,-0.0013228368873724,0.6795654296875,-0.6808882665748724,28.244783406359915,2025-09-30,50,10
KCE.BK,2025-09-30,2025-06-30,2025-08-14,quarterly,fixed,True,47,22.19468879699707,114565000.0,1214253333.0,0.08,-271950000.0,-0.0116134210630026,0.70355224609375,-0.7151656671567526,22.193748406935256,2025-09-30,50,10
GULF.BK,2025-09-30,2025-06-30,2025-08-14,quarterly,fixed,True,47,41.219757080078125,1715274000.0,14940000000.0,0.08,310594911000.0,0.2513065094345108,0.9975051879882812,-0.7461986785537704,41.219074925765646,2025-09-30,50,10
BANPU.BK,2025-09-30,2025-06-30,2025-08-14,quarterly,fixed,True,47,4.539999961853027,182245000.0,10018903000.0,0.08,5025615000.0,-0.0361708409843229,0.76123046875,-0.7974013097343229,4.5402177262006775,2025-09-30,50,10
COM7.BK,2025-09-30,2025-06-30,2025-08-14,quarterly,fixed,True,47,24.491111755371094,153577000.0,2354998000.0,0.08,9520022000.0,-0.0087115530277923,0.9202117919921875,-0.9289233450199798,24.491670490556626,2025-09-30,50,10
BBL.BK,2026-01-05,2025-09-30,2025-11-14,quarterly,fixed,True,52,172.0,171583467000.0,1908843000.0,0.08,483543255000.0,0.0673275441563916,-0.2516632080078125,0.3189907521642041,172.00032273823942,2026-01-05,50,17
TTB.BK,2026-01-05,2025-09-30,2025-11-14,quarterly,fixed,True,52,2.059999942779541,44121117000.0,96211000000.0,0.08,102887828000.0,-0.0048994129319184,-0.18194580078125,0.1770463878493316,2.059733938704172,2026-01-05,50,17
KTB.BK,2026-01-05,2025-09-30,2025-11-14,quarterly,fixed,True,52,26.92304992675781,72096003000.0,13923904762.0,0.08,362646616000.0,0.0543353481329116,-0.101654052734375,0.1559894008672866,26.923217437867336,2026-01-05,50,17
CPN.BK,2026-01-05,2025-09-30,2025-11-14,quarterly,fixed,True,52,53.69942474365234,17323817000.0,4482922314.0,0.08,113556467000.0,0.0218567036626571,0.04556846618652344,-0.023711762523866337,53.70016802323263,2026-01-05,50,17
EA.BK,2026-01-05,2025-09-30,2025-11-14,quarterly,fixed,True,52,2.700000047683716,1835484000.0,6588900000.0,0.08,49727575000.0,0.1284712338273612,0.1822052001953125,-0.0537339663679513,2.6995626121249385,2026-01-05,50,17
TISCO.BK,2026-01-05,2025-09-30,2025-11-14,quarterly,fixed,True,52,111.0,3080498000.0,801029167.0,0.08,19469464000.0,0.0950384499320478,0.1714305877685547,-0.07639213783650689,111.00023049807102,2026-01-05,50,17
KBANK.BK,2026-01-05,2025-09-30,2025-11-14,quarterly,fixed,True,52,194.5,34801599000.0,2369328000.0,0.08,208384060000.0,-0.0557320653137751,0.0319056510925293,-0.0876377164063044,194.50051032639033,2026-01-05,50,17
KCE.BK,2026-01-05,2025-09-30,2025-11-14,quarterly,fixed,True,52,17.814157485961914,539470000.0,1189580000.0,0.08,-98017000.0,0.0482508044692329,0.1971282958984375,-0.1488774914292046,17.81375752027162,2026-01-05,50,17
GPSC.BK,2026-01-05,2025-06-30,2025-08-14,quarterly,fixed,True,144,34.98679733276367,4813734822.0,2804515286.0,0.08,107669867885.0,0.0496370984923619,0.21920394897460938,-0.16956685048224748,34.987267781466215,2026-01-05,50,17
TU.BK,2026-01-05,2025-06-30,2025-08-14,quarterly,fixed,True,144,12.535886764526367,1929452000.0,3976781250.0,0.08,66905157000.0,0.1208565130927874,0.3081016540527344,-0.187245140959947,12.535709557210016,2026-01-05,50,17
SCGP.BK,2026-01-05,2025-06-30,2025-08-14,quarterly,fixed,True,144,16.5089111328125,3488638000.0,4207470833.0,0.08,58652370000.0,-0.0202420168726784,0.18180465698242188,-0.20204667385510028,16.508551742210496,2026-01-05,50,17
TCAP.BK,2026-01-05,2025-09-30,2025-11-14,quarterly,fixed,True,52,58.75,3376432000.0,1048617000.0,0.08,46067555000.0,-0.0595552258786886,0.14786148071289062,-0.20741670659157924,58.75037886793479,2026-01-05,50,17
KTC.BK,2026-01-05,2025-09-30,2025-11-14,quarterly,fixed,True,52,24.94942092895508,2419427000.0,2567500000.0,0.08,53075627000.0,0.0149451957522579,0.2504692077636719,-0.23552401201141399,24.948816161091305,2026-01-05,50,17
BH.BK,2026-01-05,2025-09-30,2025-11-14,quarterly,fixed,True,52,150.89234924316406,1899559000.0,867415000.0,0.08,-3994413000.0,0.0810999289183942,0.33429718017578125,-0.25319725125738707,150.8924447727198,2026-01-05,50,17
COM7.BK,2026-01-05,2025-09-30,2025-11-14,quarterly,fixed,True,52,18.356443405151367,1315347000.0,2354998000.0,0.08,7712912000.0,-0.0729083482034727,0.194793701171875,-0.2677020493753477,18.356331183238527,2026-01-05,50,17
BGRIM.BK,2026-01-05,2025-09-30,2025-11-14,quarterly,fixed,True,52,13.82278060913086,4026181000.0,2606900000.0,0.08,96759218000.0,-0.1139340978829103,0.15589523315429688,-0.2698293310372072,13.821885216627324,2026-01-05,50,17
IVL.BK,2026-01-05,2025-09-30,2025-11-14,quarterly,fixed,True,52,16.200000762939453,8217105000.0,5614552000.0,0.08,244151639000.0,-0.0713627202456774,0.20750808715820312,-0.27887080740388054,16.200462318309636,2026-01-05,50,17
MINT.BK,2026-01-05,2025-09-30,2025-11-14,quarterly,fixed,True,52,24.5,6795518000.0,5670000000.0,0.08,174852415000.0,-0.0409031652014658,0.23848724365234375,-0.27939040885380956,24.499988016099277,2026-01-05,50,17
PTT.BK,2026-01-05,2025-09-30,2025-11-14,quarterly,fixed,True,52,30.4890079498291,33329609775.0,28347020632.0,0.08,655470661935.0,-0.0444262890110787,0.23532867431640625,-0.27975496332748495,30.488447798065767,2026-01-05,50,17
OSP.BK,2026-01-05,2025-09-30,2025-11-14,quarterly,fixed,True,52,15.899999618530272,1535800000.0,3043369565.0,0.08,-1365357000.0,-0.1768345737388166,0.138214111328125,-0.3150486850669416,15.900246909837913,2026-01-05,50,17
CPALL.BK,2026-01-05,2025-09-30,2025-11-14,quarterly,fixed,True,52,43.25,13547001000.0,8939000000.0,0.08,394527273000.0,-0.0251757462298866,0.29546165466308594,-0.32063740089297255,43.250859741383245,2026-01-05,50,17
BDMS.BK,2026-01-05,2025-09-30,2025-11-14,quarterly,fixed,True,52,18.74322891235352,3371465000.0,15892001895.0,0.08,12964869000.0,0.0566946914410715,0.42259979248046875,-0.3659051010393973,18.743421356801075,2026-01-05,50,17
CPF.BK,2026-01-05,2025-09-30,2025-11-14,quarterly,fixed,True,52,21.799999237060547,10618302000.0,7714000000.0,0.08,495051172000.0,-0.0611778116026141,0.3164501190185547,-0.3776279306211688,21.800860544301838,2026-01-05,50,17
ADVANC.BK,2026-01-05,2025-06-30,2025-08-14,quarterly,fixed,True,144,299.22125244140625,13295703000.0,2976120596.0,0.08,179357140000.0,-0.0047419460765703,0.38475561141967773,-0.38949755749624804,299.22109383299437,2026-01-05,50,17
CENTEL.BK,2026-01-05,2025-09-30,2025-11-14,quarterly,fixed,True,52,33.25,894461000.0,1350000000.0,0.08,29845697000.0,0.0040050998676455,0.39513397216796875,-0.3911288723003232,33.25039031254776,2026-01-05,50,17
TRUE.BK,2026-01-05,2025-06-30,2025-08-14,quarterly,fixed,True,144,11.300000190734863,9916521000.0,34426271186.0,0.08,402492164000.0,-0.0357560251398588,0.3825225830078125,-0.4182786081476713,11.299897468861415,2026-01-05,50,17
BJC.BK,2026-01-05,2025-09-30,2025-11-14,quarterly,fixed,True,52,14.100000381469728,2678825000.0,4007797000.0,0.08,157516882000.0,-0.0398564818632721,0.3827972412109375,-0.4226537230742096,14.10059433847462,2026-01-05,50,17
SAWAD.BK,2026-01-05,2025-09-30,2025-11-14,quarterly,fixed,True,52,24.700000762939453,864149000.0,1653753750.0,0.08,57029800000.0,0.0257772736766039,0.48143959045410156,-0.4556623167774977,24.700075236923766,2026-01-05,50,17
RATCH.BK,2026-01-05,2025-09-30,2025-11-14,quarterly,fixed,True,52,28.929309844970703,2103493000.0,2168347000.0,0.08,86649737000.0,-0.1391675736782733,0.35071372985839844,-0.4898813035366717,28.92928771382513,2026-01-05,50,17
AOT.BK,2026-01-05,2025-09-30,2025-11-14,quarterly,fixed,True,52,54.5,5051592626.0,14285700000.0,0.08,30853452158.0,0.0275667330968789,0.5851287841796875,-0.5575620510828087,54.49900872076022,2026-01-05,50,17
BTS.BK,2026-01-05,2025-09-30,2025-11-14,quarterly,fixed,True,52,2.319999933242798,897173000.0,16094000000.0,0.08,167305148000.0,-0.0152756125656258,0.6968231201171875,-0.7120987326828133,2.3198332864569275,2026-01-05,50,17
CBG.BK,2026-01-05,2025-09-30,2025-11-14,quarterly,fixed,True,52,42.57597351074219,160353000.0,1000000000.0,0.08,1555001000.0,-0.014589085332988,0.75885009765625,-0.773439182989238,42.5764831248022,2026-01-05,50,17
GULF.BK,2026-01-05,2025-09-30,2025-11-14,quarterly,fixed,True,52,39.3245964050293,4983578000.0,14940000000.0,0.08,311868258000.0,-0.2461262870544853,0.6220474243164062,-0.8681737113708916,39.32546122386833,2026-01-05,50,17
RATCH.BK,2026-03-31,2025-12-31,2026-02-14,quarterly,fixed,True,45,30.0,5455155843.0,2174999985.0,0.08,99985290420.0,0.9040466043335836,0.13565635681152344,0.7683902475220602,29.999632319090132,2026-03-31,50,13
TTB.BK,2026-03-31,2025-12-31,2026-02-14,quarterly,fixed,True,45,2.299999952316284,31243116000.0,97571340379.0,0.08,-29829893000.0,0.440111527807572,-0.19952392578125,0.639635453588822,2.3003841319985194,2026-03-31,50,13
KBANK.BK,2026-03-31,2025-12-31,2026-02-14,quarterly,fixed,True,45,191.0,95055692000.0,2369327593.0,0.08,-164065688000.0,0.2482641851086715,-0.3335456848144531,0.5818098699231247,191.00003756174453,2026-03-31,50,13
TOP.BK,2026-03-31,2025-12-31,2026-02-14,quarterly,fixed,True,45,48.75,21804816524.0,2233835566.0,0.08,71124586423.0,0.3608109845120901,-0.14461517333984375,0.5054261578519339,48.750165433860424,2026-03-31,50,13
BTS.BK,2026-03-31,2025-12-31,2026-02-14,quarterly,fixed,True,45,2.1600000858306885,32191986000.0,16094000000.0,0.08,152980090000.0,0.0533527852909916,-0.21213531494140625,0.26548810023239783,2.160298660357214,2026-03-31,50,13
KTB.BK,2026-03-31,2025-12-31,2026-02-14,quarterly,fixed,True,45,32.77588653564453,136348818000.0,13976061250.0,0.08,-55927691000.0,-0.1025309855943482,-0.3387298583984375,0.2361988728040893,32.77666184130725,2026-03-31,50,13
GLOBAL.BK,2026-03-31,2025-12-31,2026-02-14,quarterly,fixed,True,45,5.599999904632568,5955795710.0,5601996698.0,0.08,9164221990.0,0.0,-0.1824493408203125,0.1824493408203125,5.599652169625713,2026-03-31,50,13
KKP.BK,2026-03-31,2025-12-31,2026-02-14,quarterly,fixed,True,45,75.75,5413614000.0,846760480.0,0.08,23948627000.0,0.0605213763662364,-0.004550933837890625,0.06507231020412702,75.74941688715842,2026-03-31,50,13
OSP.BK,2026-03-31,2025-12-31,2026-02-14,quarterly,fixed,True,45,14.800000190734863,1848490111.0,3003750000.0,0.08,-2705136715.0,0.1276225348654103,0.0678558349609375,0.05976669990447281,14.799963936966396,2026-03-31,50,13
CPN.BK,2026-03-31,2025-12-31,2026-02-14,quarterly,fixed,True,45,62.25,8698765847.0,4488000000.0,0.08,110663331770.0,0.2199822151759356,0.23111724853515625,-0.011135033359220642,62.249898301998265,2026-03-31,50,13
CENTEL.BK,2026-03-31,2025-12-31,2026-02-14,quarterly,fixed,True,45,32.5,1544832675.0,1350000000.0,0.08,28853587743.0,0.1224427992380359,0.2433910369873047,-0.12094823774926879,32.50015727230573,2026-03-31,50,13
LH.BK,2026-03-31,2025-12-31,2026-02-14,quarterly,fixed,True,45,3.759999990463257,2755303470.0,11949713176.0,0.08,73074071123.0,0.083300717832945,0.2196502685546875,-0.13634955072174249,3.7598701727457358,2026-03-31,50,13
ADVANC.BK,2026-03-31,2025-12-31,2026-02-14,quarterly,fixed,True,45,373.0,27098200836.0,2974209736.0,0.08,166860207600.0,0.062515601826171,0.24348831176757812,-0.18097270994140713,373.00008817208084,2026-03-31,50,13
CPALL.BK,2026-03-31,2025-12-31,2026-02-14,quarterly,fixed,True,45,45.5,17796144004.0,8983101348.0,0.08,389132673304.0,0.0445197744581777,0.23108863830566406,-0.18656886384748636,45.50002015075488,2026-03-31,50,13
MINT.BK,2026-03-31,2025-12-31,2026-02-14,quarterly,fixed,True,45,21.600000381469727,6353233517.0,5669976977.0,0.08,176057952938.0,0.055586745056509,0.2429046630859375,-0.1873179180294285,21.599595509535927,2026-03-31,50,13
PTT.BK,2026-03-31,2025-12-31,2026-02-14,quarterly,fixed,True,45,35.0,43442208814.0,28562996250.0,0.08,638988809722.0,-0.0126941936096507,0.1883392333984375,-0.2010334270080882,34.9991163480338,2026-03-31,50,13
BGRIM.BK,2026-03-31,2025-12-31,2026-02-14,quarterly,fixed,True,45,11.899999618530272,2870165360.0,2606900000.0,0.08,97600485795.0,-0.0066261811601584,0.23097991943359375,-0.23760610059375215,11.900490953067242,2026-03-31,50,13
IVL.BK,2026-03-31,2025-12-31,2026-02-14,quarterly,fixed,True,45,25.25,9924736000.0,5614552000.0,0.08,236776873000.0,-0.0648610230534727,0.19105148315429688,-0.25591250620776956,25.25021511399194,2026-03-31,50,13
TLI.BK,2026-03-31,2025-12-31,2026-02-14,quarterly,fixed,True,45,10.399999618530272,2309823000.0,11450000000.0,0.08,-7867228000.0,-0.0302307631383992,0.24908447265625,-0.2793152357946492,10.400352575685142,2026-03-31,50,13
HMPRO.BK,2026-03-31,2025-12-31,2026-02-14,quarterly,fixed,True,45,6.150000095367432,1719097533.0,13151198025.0,0.08,21096905900.0,0.0,0.3028717041015625,-0.3028717041015625,6.149914552410054,2026-03-31,50,13
SAWAD.BK,2026-03-31,2025-12-31,2026-02-14,quarterly,fixed,True,45,22.200000762939453,993394000.0,1661506929.0,0.08,57517563000.0,0.1234332219933216,0.4311370849609375,-0.30770386296761587,22.20015254537878,2026-03-31,50,13
EA.BK,2026-03-31,2025-12-31,2026-02-14,quarterly,fixed,True,45,2.720000028610229,1808166021.0,7426800800.0,0.08,48331728123.0,-0.1319820896270276,0.189483642578125,-0.3214657322051526,2.7190409499115047,2026-03-31,50,13
CBG.BK,2026-03-31,2025-12-31,2026-02-14,quarterly,fixed,True,45,38.25,519864574.0,1000000000.0,0.08,1033302473.0,0.0264327781338149,0.3675422668457031,-0.34110948871188823,38.249571090472706,2026-03-31,50,13
BJC.BK,2026-03-31,2025-12-31,2026-02-14,quarterly,fixed,True,45,15.199999809265137,2289489733.0,4007796699.0,0.08,155888693027.0,0.0786293407195182,0.4301414489746094,-0.35151210825509116,15.199971980069824,2026-03-31,50,13
SCGP.BK,2026-03-31,2025-12-31,2026-02-14,quarterly,fixed,True,45,20.200000762939453,2331880000.0,4292920000.0,0.08,56440353000.0,-0.0439533911615669,0.3118896484375,-0.3558430395990669,20.199335458618815,2026-03-31,50,13
AOT.BK,2026-03-31,2025-12-31,2026-02-14,quarterly,fixed,True,45,52.0,7880991964.0,14098867685.0,0.08,23542927710.0,0.0688629985849857,0.43404388427734375,-0.36518088569235807,51.999490437018245,2026-03-31,50,13
AWC.BK,2026-03-31,2025-12-31,2026-02-14,quarterly,fixed,True,45,2.140000104904175,941142223.0,32012971100.0,0.08,89831813937.0,0.2176433678931209,0.600189208984375,-0.3825458410912541,2.1400289252243483,2026-03-31,50,13
GPSC.BK,2026-03-31,2025-12-31,2026-02-14,quarterly,fixed,True,45,34.0,4317109137.0,2819729367.0,0.08,115189747550.0,-0.1339958765100375,0.2529582977294922,-0.3869541742395297,34.000587403222674,2026-03-31,50,13
TRUE.BK,2026-03-31,2025-12-31,2026-02-14,quarterly,fixed,True,45,14.399999618530272,12715644000.0,34552100801.0,0.08,415759971000.0,-0.0441539820630004,0.3537750244140625,-0.3979290064770629,14.399532841480772,2026-03-31,50,13
BH.BK,2026-03-31,2025-12-31,2026-02-14,quarterly,fixed,True,45,163.0,1359847978.0,794964292.0,0.08,-7488521348.0,0.0038087779820481,0.41515541076660156,-0.41134663278455347,162.9990810862408,2026-03-31,50,13
KCE.BK,2026-03-31,2025-12-31,2026-02-14,quarterly,fixed,True,45,22.700000762939453,416431049.0,1182088596.0,0.08,-499238483.0,-0.122692646952498,0.3197174072265625,-0.4424100541790605,22.69962597460274,2026-03-31,50,13
CPF.BK,2026-03-31,2025-12-31,2026-02-14,quarterly,fixed,True,45,20.899999618530277,4229675000.0,8406962585.0,0.08,493414300000.0,0.0161200310409179,0.5812091827392578,-0.56508915169834,20.899868930754344,2026-03-31,50,13
DELTA.BK,2026-03-31,2025-12-31,2026-02-14,quarterly,fixed,True,45,259.0,7798847550.0,12473816140.0,0.08,-18822246430.0,0.2972283844638361,0.8984537124633789,-0.6012253279995428,258.9992058832853,2026-03-31,50,13
BBL.BK,2026-03-31,2025-12-31,2026-02-14,quarterly,fixed,True,45,166.5,7438644000.0,1908842894.0,0.08,490667733000.0,-0.1355917786183749,0.46949052810668945,-0.6050823067250644,166.50005095827754,2026-03-31,50,13
BDMS.BK,2026-03-31,2025-12-31,2026-02-14,quarterly,fixed,True,45,18.799999237060547,1701167450.0,15892001895.0,0.08,11145405721.0,0.0074522934507101,0.625,-0.6175477065492899,18.800050563136324,2026-03-31,50,13
TCAP.BK,2026-03-31,2025-12-31,2026-02-14,quarterly,fixed,True,45,56.75,618526000.0,1048605027.0,0.08,41294561000.0,-0.0327144709560416,0.5903530120849609,-0.6230674830410026,56.7492956571268,2026-03-31,50,13
OR.BK,2026-03-31,2025-12-31,2026-02-14,quarterly,fixed,True,45,13.100000381469728,617385834.0,12000000000.0,0.08,-9674334441.0,0.0125970256817611,0.7120208740234375,-0.6994238483416764,13.10044949571417,2026-03-31,50,13
