Ticker,StockAnalysis_File_Available,StockAnalysis_Quarter_Count,Fallback_Quarter_Count,Merged_Quarter_Count,Quarterly_Start_Date,Quarterly_End_Date,StockAnalysis_Core_Field_Count,Missing_Scraping_Fields,Revenue_From_Scraping,EBIT_From_Scraping,FCF_From_Scraping
ADVANC.BK,True,20,5,20,2021-03-31,2025-12-31,3,,True,True,True
AKR.BK,False,0,6,6,2024-09-30,2025-12-31,0,"Revenue,EBIT,FCF",False,False,False
AOT.BK,True,20,6,20,2021-03-31,2025-12-31,3,,True,True,True
AP.BK,False,0,6,6,2024-09-30,2025-12-31,0,"Revenue,EBIT,FCF",False,False,False
ASAP.BK,False,0,6,6,2024-09-30,2025-12-31,0,"Revenue,EBIT,FCF",False,False,False
ASIAN.BK,False,0,6,6,2024-09-30,2025-12-31,0,"Revenue,EBIT,FCF",False,False,False
AWC.BK,True,20,6,20,2021-03-31,2025-12-31,3,,True,True,True
BANPU.BK,True,20,6,20,2021-03-31,2025-12-31,3,,True,True,True
BAY.BK,True,20,6,20,2021-03-31,2025-12-31,1,"EBIT,FCF",True,False,False
BBL.BK,True,20,6,20,2021-03-31,2025-12-31,1,"EBIT,FCF",True,False,False
BCH.BK,True,20,6,20,2021-03-31,2025-12-31,3,,True,True,True
BCPG.BK,True,20,5,20,2021-03-31,2025-12-31,3,,True,True,True
BCT.BK,False,0,6,6,2024-09-30,2025-12-31,0,"Revenue,EBIT,FCF",False,False,False
BDMS.BK,True,20,6,20,2021-03-31,2025-12-31,3,,True,True,True
BEM.BK,True,20,6,20,2021-03-31,2025-12-31,3,,True,True,True
BGRIM.BK,True,20,6,20,2021-03-31,2025-12-31,3,,True,True,True
BH.BK,True,20,6,20,2021-03-31,2025-12-31,3,,True,True,True
BJC.BK,True,20,6,20,2021-03-31,2025-12-31,3,,True,True,True
BRR.BK,True,20,6,20,2021-03-31,2025-12-31,3,,True,True,True
BTS.BK,True,20,6,20,2021-03-31,2025-12-31,3,,True,True,True
CBG.BK,True,20,6,20,2021-03-31,2025-12-31,3,,True,True,True
CCET.BK,True,20,6,20,2021-03-31,2025-12-31,3,,True,True,True
CENTEL.BK,True,20,6,20,2021-03-31,2025-12-31,3,,True,True,True
CGD.BK,True,20,6,20,2021-03-31,2025-12-31,3,,True,True,True
CHG.BK,True,20,6,20,2021-03-31,2025-12-31,3,,True,True,True
CIMBT.BK,True,20,6,20,2021-03-31,2025-12-31,1,"EBIT,FCF",True,False,False
COM7.BK,True,20,6,20,2021-03-31,2025-12-31,3,,True,True,True
CPALL.BK,True,20,6,20,2021-03-31,2025-12-31,3,,True,True,True
CPF.BK,True,20,6,20,2021-03-31,2025-12-31,3,,True,True,True
CPN.BK,True,20,6,20,2021-03-31,2025-12-31,1,"Revenue,FCF",False,True,False
CRC.BK,True,18,6,19,2021-06-30,2025-12-31,3,,True,True,True
DELTA.BK,True,20,5,20,2021-03-31,2025-12-31,3,,True,True,True
DRT.BK,True,20,6,20,2021-03-31,2025-12-31,3,,True,True,True
EA.BK,True,20,6,20,2021-03-31,2025-12-31,3,,True,True,True
EGCO.BK,True,20,6,20,2021-03-31,2025-12-31,3,,True,True,True
ERW.BK,True,20,6,20,2021-03-31,2025-12-31,3,,True,True,True
FPI.BK,True,20,6,20,2021-03-31,2025-12-31,3,,True,True,True
FPT.BK,True,20,6,20,2021-03-31,2025-12-31,1,"Revenue,FCF",False,True,False
GLOBAL.BK,True,20,6,20,2021-03-31,2025-12-31,3,,True,True,True
GPI.BK,True,20,6,20,2021-03-31,2025-12-31,3,,True,True,True
GPSC.BK,True,20,5,20,2021-03-31,2025-12-31,3,,True,True,True
GULF.BK,True,20,6,20,2021-03-31,2025-12-31,3,,True,True,True
HANA.BK,False,0,6,6,2024-09-30,2025-12-31,0,"Revenue,EBIT,FCF",False,False,False
HMPRO.BK,True,20,6,20,2021-03-31,2025-12-31,3,,True,True,True
IRPC.BK,False,0,5,5,2024-09-30,2025-12-31,0,"Revenue,EBIT,FCF",False,False,False
ITD.BK,False,0,6,6,2024-09-30,2025-12-31,0,"Revenue,EBIT,FCF",False,False,False
IVL.BK,True,20,6,20,2021-03-31,2025-12-31,3,,True,True,True
JAS.BK,False,0,6,6,2024-09-30,2025-12-31,0,"Revenue,EBIT,FCF",False,False,False
JMART.BK,False,0,6,6,2024-09-30,2025-12-31,0,"Revenue,EBIT,FCF",False,False,False
JMT.BK,True,20,6,20,2021-03-31,2025-12-31,3,,True,True,True
KBANK.BK,True,20,6,20,2021-03-31,2025-12-31,1,"EBIT,FCF",True,False,False
KBS.BK,False,0,6,6,2024-09-30,2025-12-31,0,"Revenue,EBIT,FCF",False,False,False
KCE.BK,True,20,6,20,2021-03-31,2025-12-31,3,,True,True,True
KKP.BK,True,20,6,20,2021-03-31,2025-12-31,1,"EBIT,FCF",True,False,False
KSL.BK,True,20,7,20,2021-04-30,2026-01-31,3,,True,True,True
KTB.BK,True,20,6,20,2021-03-31,2025-12-31,1,"EBIT,FCF",True,False,False
KTC.BK,True,20,6,20,2021-03-31,2025-12-31,3,,True,True,True
LH.BK,True,20,6,20,2021-03-31,2025-12-31,3,,True,True,True
MEGA.BK,False,0,6,6,2024-09-30,2025-12-31,0,"Revenue,EBIT,FCF",False,False,False
MINT.BK,True,20,6,20,2021-03-31,2025-12-31,3,,True,True,True
MTC.BK,True,20,6,20,2021-03-31,2025-12-31,3,,True,True,True
NCH.BK,True,20,6,20,2021-03-31,2025-12-31,3,,True,True,True
NOBLE.BK,False,0,6,6,2024-09-30,2025-12-31,0,"Revenue,EBIT,FCF",False,False,False
OR.BK,True,20,6,20,2021-03-31,2025-12-31,3,,True,True,True
OSP.BK,True,20,6,20,2021-03-31,2025-12-31,3,,True,True,True
PF.BK,True,20,6,20,2021-03-31,2025-12-31,3,,True,True,True
PG.BK,True,20,6,20,2021-03-31,2025-12-31,3,,True,True,True
PRIN.BK,True,20,6,20,2021-03-31,2025-12-31,3,,True,True,True
PSL.BK,True,20,5,20,2021-03-31,2025-12-31,3,,True,True,True
PTT.BK,True,20,6,20,2021-03-31,2025-12-31,3,,True,True,True
PTTEP.BK,True,20,5,20,2021-03-31,2025-12-31,3,,True,True,True
PTTGC.BK,True,20,6,20,2021-03-31,2025-12-31,3,,True,True,True
RATCH.BK,True,20,6,20,2021-03-31,2025-12-31,3,,True,True,True
RBF.BK,True,20,6,20,2021-03-31,2025-12-31,3,,True,True,True
RCL.BK,True,20,6,20,2021-03-31,2025-12-31,3,,True,True,True
RML.BK,False,0,6,6,2024-09-30,2025-12-31,0,"Revenue,EBIT,FCF",False,False,False
RS.BK,True,20,6,20,2021-03-31,2025-12-31,3,,True,True,True
SAWAD.BK,True,20,6,20,2021-03-31,2025-12-31,3,,True,True,True
SCB.BK,True,20,4,20,2020-12-31,2025-09-30,1,"EBIT,FCF",True,False,False
SCC.BK,True,20,6,20,2021-03-31,2025-12-31,3,,True,True,True
SCGP.BK,True,20,5,20,2021-03-31,2025-12-31,3,,True,True,True
SITHAI.BK,False,0,6,6,2024-09-30,2025-12-31,0,"Revenue,EBIT,FCF",False,False,False
SPALI.BK,True,20,6,20,2021-03-31,2025-12-31,3,,True,True,True
SPRC.BK,True,20,6,20,2021-03-31,2025-12-31,3,,True,True,True
STPI.BK,True,20,6,20,2021-03-31,2025-12-31,3,,True,True,True
TCAP.BK,True,20,6,20,2021-03-31,2025-12-31,1,"EBIT,FCF",True,False,False
THANI.BK,True,20,6,20,2021-03-31,2025-12-31,3,,True,True,True
TIDLOR.BK,True,20,6,20,2021-03-31,2025-12-31,3,,True,True,True
TISCO.BK,True,20,6,20,2021-03-31,2025-12-31,1,"EBIT,FCF",True,False,False
TLI.BK,True,20,6,20,2021-03-31,2025-12-31,2,Revenue,False,True,True
TOP.BK,True,20,6,20,2021-03-31,2025-12-31,3,,True,True,True
TR.BK,True,20,6,20,2021-03-31,2025-12-31,3,,True,True,True
TRUE.BK,True,20,5,20,2021-03-31,2025-12-31,3,,True,True,True
TTB.BK,True,20,6,20,2021-03-31,2025-12-31,1,"EBIT,FCF",True,False,False
TU.BK,True,19,5,19,2021-03-31,2025-12-31,3,,True,True,True
TVO.BK,True,20,6,20,2021-03-31,2025-12-31,3,,True,True,True
VGI.BK,True,20,6,20,2021-03-31,2025-12-31,3,,True,True,True
WHA.BK,True,20,6,20,2021-03-31,2025-12-31,1,"Revenue,FCF",False,True,False
WPH.BK,True,20,6,20,2021-03-31,2025-12-31,3,,True,True,True
XPG.BK,True,20,6,20,2021-03-31,2025-12-31,3,,True,True,True
