Date,Ticker,Open,High,Low,Close,Adj Close,Volume
2022-04-20,SCB.BK,68.0,87.75,66.0,81.5,62.61403274536133,2840200.0
2022-04-27,SCB.BK,120.0,121.5,113.0,114.0,87.58281707763672,38312500.0
2022-04-28,SCB.BK,112.5,113.5,111.5,112.5,86.430419921875,39894700.0
2022-04-29,SCB.BK,113.5,115.0,113.0,115.0,88.35108947753906,21106900.0
2022-05-03,SCB.BK,115.0,118.5,113.5,117.5,90.27176666259766,26009800.0
2022-05-05,SCB.BK,119.0,119.0,115.5,115.5,88.7352294921875,14300200.0
2022-05-06,SCB.BK,114.0,114.5,113.0,113.5,87.19868469238281,18610000.0
2022-05-09,SCB.BK,112.5,113.0,110.0,110.5,84.89387512207031,20008500.0
2022-05-10,SCB.BK,110.5,113.0,110.0,113.0,86.8145523071289,19690000.0
2022-05-11,SCB.BK,113.0,113.0,109.5,112.5,86.430419921875,11274100.0
2022-05-12,SCB.BK,111.5,112.0,108.5,109.0,83.74147033691406,19964000.0
2022-05-13,SCB.BK,110.0,110.0,107.5,107.5,82.58906555175781,11370800.0
2022-05-17,SCB.BK,108.0,108.5,105.5,108.0,82.97319793701172,19527700.0
2022-05-18,SCB.BK,108.5,110.0,107.5,110.0,84.50973510742188,20744700.0
2022-05-19,SCB.BK,108.0,109.0,107.5,108.0,82.97319793701172,8425100.0
2022-05-20,SCB.BK,109.0,112.5,108.5,111.5,85.66214752197266,21988000.0
2022-05-23,SCB.BK,112.0,115.0,111.5,115.0,88.35108947753906,16737500.0
2022-05-24,SCB.BK,115.0,115.0,111.0,111.0,85.27800750732422,16897700.0
2022-05-25,SCB.BK,112.0,112.5,108.5,108.5,83.35733032226562,16910900.0
2022-05-26,SCB.BK,109.5,110.5,109.0,109.5,84.12559509277344,7129300.0
2022-05-27,SCB.BK,110.5,112.0,110.0,111.0,85.27800750732422,7835800.0
2022-05-30,SCB.BK,112.0,113.0,111.5,112.5,86.430419921875,10112700.0
2022-05-31,SCB.BK,112.5,113.0,110.5,113.0,86.8145523071289,17740700.0
2022-06-01,SCB.BK,112.5,113.0,111.0,111.5,85.66214752197266,8071600.0
2022-06-02,SCB.BK,111.0,112.0,110.5,110.5,84.89387512207031,8704600.0
2022-06-06,SCB.BK,111.0,111.5,108.5,110.0,84.50973510742188,7431800.0
2022-06-07,SCB.BK,110.0,110.5,108.0,108.5,83.35733032226562,4881800.0
2022-06-08,SCB.BK,109.0,110.5,108.5,109.0,83.74147033691406,4370400.0
2022-06-09,SCB.BK,109.0,114.0,108.5,113.0,86.8145523071289,30842400.0
2022-06-10,SCB.BK,112.0,112.5,111.0,111.5,85.66214752197266,10724600.0
2022-06-13,SCB.BK,109.5,109.5,107.0,108.0,82.97319793701172,22434300.0
2022-06-14,SCB.BK,108.0,109.0,107.0,107.5,82.58906555175781,13831200.0
2022-06-15,SCB.BK,108.0,110.0,108.0,109.0,83.74147033691406,13130100.0
2022-06-16,SCB.BK,110.5,111.0,106.0,106.0,81.43665313720703,26391200.0
2022-06-17,SCB.BK,106.5,108.0,105.5,106.0,81.43665313720703,29346600.0
2022-06-20,SCB.BK,106.0,106.0,101.5,103.0,79.13184356689453,25806900.0
2022-06-21,SCB.BK,103.5,105.5,102.5,105.0,80.66838836669922,12490300.0
2022-06-22,SCB.BK,104.5,104.5,101.5,102.0,78.36357879638672,10910200.0
2022-06-23,SCB.BK,102.5,104.0,102.0,102.0,78.36357879638672,9126300.0
2022-06-24,SCB.BK,103.5,104.0,102.5,104.0,79.9001235961914,7743300.0
2022-06-27,SCB.BK,104.0,104.5,103.0,104.0,79.9001235961914,8643700.0
2022-06-28,SCB.BK,104.0,104.5,102.5,104.5,80.28425598144531,8965200.0
2022-06-29,SCB.BK,103.5,104.0,103.0,103.5,79.5159912109375,8119100.0
2022-06-30,SCB.BK,104.0,105.0,103.0,104.0,79.9001235961914,11128400.0
2022-07-01,SCB.BK,104.5,105.0,103.5,104.5,80.28425598144531,5243000.0
2022-07-04,SCB.BK,104.0,104.5,102.0,102.0,78.36357879638672,7367900.0
2022-07-05,SCB.BK,102.5,103.0,100.5,100.5,77.21116638183594,10713900.0
2022-07-06,SCB.BK,100.5,101.5,99.5,100.0,76.82703399658203,14668000.0
2022-07-07,SCB.BK,100.5,100.5,98.5,99.0,76.05875396728516,20270300.0
2022-07-08,SCB.BK,99.5,100.5,98.5,98.75,75.86669921875,16668300.0
2022-07-11,SCB.BK,99.5,102.0,99.5,102.0,78.36357879638672,16188800.0
2022-07-12,SCB.BK,100.5,101.5,99.5,100.0,76.82703399658203,14097900.0
2022-07-14,SCB.BK,99.75,99.75,95.0,95.0,72.98567962646484,47624000.0
2022-07-15,SCB.BK,94.75,95.25,92.5,94.0,72.2174072265625,33277000.0
2022-07-18,SCB.BK,94.75,96.0,94.5,95.25,73.1777572631836,18430800.0
2022-07-19,SCB.BK,94.0,94.0,90.75,91.25,70.10466766357422,45049900.0
2022-07-20,SCB.BK,92.25,92.5,90.0,90.75,69.72054290771484,34002700.0
2022-07-21,SCB.BK,91.25,95.0,89.75,94.0,72.2174072265625,52036400.0
2022-07-22,SCB.BK,95.5,97.5,95.0,97.0,74.522216796875,41638800.0
2022-07-25,SCB.BK,97.0,102.0,96.75,102.0,78.36357879638672,29514500.0
2022-07-26,SCB.BK,102.5,103.0,100.0,100.5,77.21116638183594,16087800.0
2022-07-27,SCB.BK,100.5,102.0,99.75,101.5,77.97943878173828,11594700.0
2022-08-01,SCB.BK,102.5,102.5,99.5,100.0,76.82703399658203,22174300.0
2022-08-02,SCB.BK,99.25,101.0,98.75,100.5,77.21116638183594,14659600.0
2022-08-03,SCB.BK,100.0,101.5,100.0,100.5,77.21116638183594,8394600.0
2022-08-04,SCB.BK,101.0,101.5,100.5,101.0,77.59530639648438,6839600.0
2022-08-05,SCB.BK,101.0,103.5,101.0,103.5,79.5159912109375,14923300.0
2022-08-08,SCB.BK,104.0,107.0,104.0,107.0,82.20492553710938,20120900.0
2022-08-09,SCB.BK,107.5,107.5,105.5,106.5,81.82080078125,15011100.0
2022-08-10,SCB.BK,106.0,106.0,104.0,104.5,80.28425598144531,17974200.0
2022-08-11,SCB.BK,105.0,105.0,103.5,105.0,80.66838836669922,16866000.0
2022-08-15,SCB.BK,106.0,107.5,105.0,106.0,81.43665313720703,22396700.0
2022-08-16,SCB.BK,106.0,106.5,105.0,106.0,81.43665313720703,6209200.0
2022-08-17,SCB.BK,106.0,108.5,105.0,108.0,82.97319793701172,14631000.0
2022-08-18,SCB.BK,107.5,108.0,106.5,108.0,82.97319793701172,7812700.0
2022-08-19,SCB.BK,108.0,108.0,105.0,105.0,80.66838836669922,16448300.0
2022-08-22,SCB.BK,105.0,105.0,102.5,103.5,79.5159912109375,15343700.0
2022-08-23,SCB.BK,102.0,105.0,101.5,104.5,80.28425598144531,15499300.0
2022-08-24,SCB.BK,104.5,106.5,103.0,104.5,80.28425598144531,21827100.0
2022-08-25,SCB.BK,105.5,111.0,104.0,110.5,84.89387512207031,59924700.0
2022-08-26,SCB.BK,111.0,113.0,109.5,110.5,84.89387512207031,49101300.0
2022-08-29,SCB.BK,108.0,109.5,107.5,108.5,83.35733032226562,18332800.0
2022-08-30,SCB.BK,109.0,111.0,109.0,111.0,85.27800750732422,19220200.0
2022-08-31,SCB.BK,110.0,111.0,109.0,110.5,84.89387512207031,19002400.0
2022-09-01,SCB.BK,110.0,111.0,109.0,109.5,84.12559509277344,16465200.0
2022-09-02,SCB.BK,109.5,110.0,108.5,109.0,83.74147033691406,8194700.0
2022-09-05,SCB.BK,109.0,111.5,109.0,111.5,85.66214752197266,14240000.0
2022-09-06,SCB.BK,111.5,112.0,110.0,111.5,85.66214752197266,18956300.0
2022-09-07,SCB.BK,111.0,111.5,110.0,111.5,85.66214752197266,14585500.0
2022-09-08,SCB.BK,112.0,113.0,111.5,111.5,85.66214752197266,14662300.0
2022-09-09,SCB.BK,112.5,112.5,111.0,111.5,85.66214752197266,17436900.0
2022-09-12,SCB.BK,112.0,112.5,111.5,111.5,85.66214752197266,12716700.0
2022-09-13,SCB.BK,112.0,112.0,111.0,111.0,85.27800750732422,14333700.0
2022-09-14,SCB.BK,109.5,110.5,108.5,110.0,84.50973510742188,14946000.0
2022-09-15,SCB.BK,109.5,110.0,106.5,106.5,81.82080078125,23507600.0
2022-09-16,SCB.BK,105.5,106.5,104.5,105.0,80.66838836669922,23669400.0
2022-09-19,SCB.BK,105.0,106.5,105.0,106.0,81.43665313720703,8460300.0
2022-09-20,SCB.BK,107.0,108.0,106.5,107.5,82.58906555175781,13649200.0
2022-09-21,SCB.BK,107.0,108.0,106.5,107.0,82.20492553710938,5283200.0
2022-09-22,SCB.BK,107.0,108.5,106.0,108.0,82.97319793701172,10082100.0
2022-09-23,SCB.BK,108.0,109.0,107.5,108.5,83.35733032226562,10564900.0
2022-09-26,SCB.BK,108.0,108.5,106.5,107.0,82.20492553710938,9833300.0
2022-09-27,SCB.BK,108.0,108.0,105.0,105.0,80.66838836669922,17521500.0
2022-09-28,SCB.BK,104.0,105.0,103.0,103.5,79.5159912109375,19183600.0
2022-09-29,SCB.BK,105.5,106.5,104.5,104.5,80.28425598144531,15964500.0
2022-09-30,SCB.BK,104.0,105.0,103.0,104.0,79.9001235961914,12601100.0
2022-10-03,SCB.BK,103.5,104.5,101.5,102.0,78.36357879638672,19003300.0
2022-10-04,SCB.BK,104.5,104.5,103.0,103.5,79.5159912109375,12730600.0
2022-10-05,SCB.BK,104.0,104.5,103.0,104.0,79.9001235961914,9426100.0
2022-10-06,SCB.BK,104.5,106.0,104.5,105.0,80.66838836669922,11316900.0
2022-10-07,SCB.BK,105.0,105.5,104.5,105.0,80.66838836669922,5779200.0
2022-10-10,SCB.BK,104.5,104.5,104.0,104.5,80.28425598144531,4073600.0
2022-10-11,SCB.BK,104.0,104.5,102.5,103.5,79.5159912109375,7458400.0
2022-10-12,SCB.BK,102.5,103.0,102.0,103.0,80.29554748535156,6543100.0
2022-10-17,SCB.BK,103.0,103.5,101.5,103.0,80.29554748535156,11560500.0
2022-10-18,SCB.BK,104.0,105.0,103.5,105.0,81.85469055175781,11423200.0
2022-10-19,SCB.BK,105.0,107.5,105.0,106.5,83.0240478515625,13032500.0
2022-10-20,SCB.BK,106.0,108.5,105.5,107.5,83.8036117553711,14254800.0
2022-10-21,SCB.BK,107.0,107.0,106.0,106.0,82.6342544555664,8212800.0
2022-10-25,SCB.BK,106.5,107.0,105.0,105.5,82.24446868896484,8594200.0
2022-10-26,SCB.BK,106.0,106.5,105.0,106.0,82.6342544555664,7234400.0
2022-10-27,SCB.BK,106.0,106.5,105.5,105.5,82.24446868896484,6523700.0
2022-10-28,SCB.BK,105.5,106.0,104.5,105.5,82.24446868896484,6198200.0
2022-10-31,SCB.BK,106.0,106.5,105.5,106.0,82.6342544555664,7513600.0
2022-11-01,SCB.BK,106.5,107.5,106.0,106.5,83.0240478515625,7359300.0
2022-11-02,SCB.BK,106.5,107.0,106.0,106.5,83.0240478515625,6763000.0
2022-11-03,SCB.BK,106.0,108.0,106.0,108.0,84.19338989257812,9679300.0
2022-11-04,SCB.BK,108.0,108.5,107.0,107.0,83.413818359375,8711700.0
2022-11-07,SCB.BK,107.5,107.5,106.5,107.0,83.413818359375,9688300.0
2022-11-08,SCB.BK,107.5,107.5,106.0,106.5,83.0240478515625,7140900.0
2022-11-09,SCB.BK,106.5,107.5,105.0,105.5,82.24446868896484,11400800.0
2022-11-10,SCB.BK,105.5,106.5,105.0,106.0,82.6342544555664,7945000.0
2022-11-11,SCB.BK,107.5,107.5,106.0,106.5,83.0240478515625,8924300.0
2022-11-14,SCB.BK,106.0,106.0,104.0,105.0,81.85469055175781,9396300.0
2022-11-15,SCB.BK,105.0,106.5,105.0,106.0,82.6342544555664,3854100.0
2022-11-16,SCB.BK,106.0,107.0,105.5,106.5,83.0240478515625,10715400.0
2022-11-17,SCB.BK,106.5,106.5,105.0,106.0,82.6342544555664,8961800.0
2022-11-18,SCB.BK,106.0,106.0,104.5,105.5,82.24446868896484,6299600.0
2022-11-21,SCB.BK,105.0,106.0,105.0,105.5,82.24446868896484,6553100.0
2022-11-22,SCB.BK,106.0,106.5,105.5,106.0,82.6342544555664,6420400.0
2022-11-23,SCB.BK,105.5,106.0,104.5,105.0,81.85469055175781,10408100.0
2022-11-24,SCB.BK,105.5,106.0,105.0,105.5,82.24446868896484,2874100.0
2022-11-25,SCB.BK,105.0,106.0,105.0,105.5,82.24446868896484,2238700.0
2022-11-28,SCB.BK,104.5,105.0,103.5,105.0,81.85469055175781,6914600.0
2022-11-29,SCB.BK,104.5,106.5,104.5,105.0,81.85469055175781,11065600.0
2022-11-30,SCB.BK,105.5,105.5,104.0,105.0,81.85469055175781,14990500.0
2022-12-01,SCB.BK,105.5,106.0,105.0,105.5,82.24446868896484,4145000.0
2022-12-02,SCB.BK,106.0,106.0,104.5,105.0,81.85469055175781,6173600.0
2022-12-06,SCB.BK,104.0,104.5,103.0,104.0,81.07512664794922,7066600.0
2022-12-07,SCB.BK,104.0,105.0,103.5,104.0,81.07512664794922,8174700.0
2022-12-08,SCB.BK,104.0,104.0,102.5,103.0,80.29554748535156,8797800.0
2022-12-09,SCB.BK,103.0,103.0,102.0,103.0,80.29554748535156,2582700.0
2022-12-13,SCB.BK,103.5,103.5,102.5,103.0,80.29554748535156,8084300.0
2022-12-14,SCB.BK,103.5,103.5,102.5,103.5,80.68534088134766,8227400.0
2022-12-15,SCB.BK,103.0,103.5,102.5,103.0,80.29554748535156,4278100.0
2022-12-16,SCB.BK,102.5,103.5,102.0,103.5,80.68534088134766,7712900.0
2022-12-19,SCB.BK,103.0,103.5,103.0,103.5,80.68534088134766,2802200.0
2022-12-20,SCB.BK,103.5,103.5,102.5,103.5,80.68534088134766,4019200.0
2022-12-21,SCB.BK,103.5,105.0,103.0,104.5,81.46490478515625,5516900.0
2022-12-22,SCB.BK,105.0,105.0,104.5,104.5,81.46490478515625,3810900.0
2022-12-23,SCB.BK,104.0,105.0,103.5,105.0,81.85469055175781,3879000.0
2022-12-26,SCB.BK,105.0,105.5,104.5,104.5,81.46490478515625,3487400.0
2022-12-27,SCB.BK,105.0,106.0,105.0,105.5,82.24446868896484,5380600.0
2022-12-28,SCB.BK,105.5,106.0,105.5,106.0,82.6342544555664,4881900.0
2022-12-29,SCB.BK,105.5,106.5,105.5,106.5,83.0240478515625,8023000.0
2022-12-30,SCB.BK,106.5,107.5,106.5,107.0,83.413818359375,9457000.0
2023-01-03,SCB.BK,107.0,107.5,106.0,107.0,83.413818359375,7836900.0
2023-01-04,SCB.BK,107.5,109.0,107.5,109.0,84.97296142578125,10532600.0
2023-01-05,SCB.BK,110.0,111.5,109.5,110.5,86.1423110961914,24297900.0
2023-01-06,SCB.BK,110.5,113.0,110.0,113.0,88.09123992919922,14407200.0
2023-01-09,SCB.BK,113.5,114.0,112.5,114.0,88.87079620361328,11904400.0
2023-01-10,SCB.BK,113.5,114.0,111.5,113.5,88.48101806640625,15353800.0
2023-01-11,SCB.BK,113.5,113.5,111.0,112.5,87.70145416259766,15274100.0
2023-01-12,SCB.BK,113.0,113.5,111.5,112.0,87.31167602539062,10479700.0
2023-01-13,SCB.BK,112.0,113.0,111.0,111.5,86.92188262939453,17578700.0
2023-01-16,SCB.BK,112.0,112.5,111.5,112.0,87.31167602539062,5809700.0
2023-01-17,SCB.BK,111.5,112.5,110.0,110.5,86.1423110961914,9882700.0
2023-01-18,SCB.BK,110.0,110.5,109.0,110.0,85.75252532958984,9802300.0
2023-01-19,SCB.BK,110.5,111.0,110.0,111.0,86.53209686279297,7003600.0
2023-01-20,SCB.BK,109.0,109.5,107.0,108.5,84.58317565917969,31793400.0
2023-01-23,SCB.BK,107.5,108.0,106.5,107.0,83.413818359375,15629300.0
2023-01-24,SCB.BK,107.0,108.0,107.0,107.0,83.413818359375,7979700.0
2023-01-25,SCB.BK,107.0,107.5,106.5,106.5,83.0240478515625,6124600.0
2023-01-26,SCB.BK,107.0,107.5,106.5,107.5,83.8036117553711,5806600.0
2023-01-27,SCB.BK,108.5,109.0,107.5,108.5,84.58317565917969,7650700.0
2023-01-30,SCB.BK,108.5,108.5,107.5,107.5,83.8036117553711,6257000.0
2023-01-31,SCB.BK,107.0,107.5,104.0,104.0,81.07512664794922,20423400.0
2023-02-01,SCB.BK,104.5,105.5,104.0,105.5,82.24446868896484,6245400.0
2023-02-02,SCB.BK,105.5,106.0,105.0,105.0,81.85469055175781,5962000.0
2023-02-03,SCB.BK,105.0,105.5,104.5,105.0,81.85469055175781,2698200.0
2023-02-06,SCB.BK,104.5,104.5,103.0,104.0,81.07512664794922,7254900.0
2023-02-07,SCB.BK,103.5,104.0,102.5,103.5,80.68534088134766,7650700.0
2023-02-08,SCB.BK,103.0,103.5,102.5,102.5,79.90576934814453,6803600.0
2023-02-09,SCB.BK,102.5,103.5,102.0,103.5,80.68534088134766,5866500.0
2023-02-10,SCB.BK,103.5,103.5,99.75,100.5,78.34662628173828,29348900.0
2023-02-13,SCB.BK,101.0,102.0,100.0,101.0,78.73641204833984,9268600.0
2023-02-14,SCB.BK,101.0,101.5,99.75,100.5,78.34662628173828,11476000.0
2023-02-15,SCB.BK,100.0,100.5,99.25,99.75,77.7619400024414,15040900.0
2023-02-16,SCB.BK,99.75,99.75,99.0,99.5,77.56705474853516,8847300.0
2023-02-17,SCB.BK,99.25,99.5,98.5,99.25,77.37216186523438,8332300.0
2023-02-20,SCB.BK,99.5,100.5,99.0,100.5,78.34662628173828,13063400.0
2023-02-21,SCB.BK,100.5,100.5,98.5,100.5,78.34662628173828,29092600.0
2023-02-22,SCB.BK,100.0,100.5,99.5,99.75,77.7619400024414,8515400.0
2023-02-23,SCB.BK,99.75,100.0,98.75,99.75,77.7619400024414,12538700.0
2023-02-24,SCB.BK,99.75,101.5,99.25,101.5,79.1261978149414,11143300.0
2023-02-27,SCB.BK,104.5,105.0,103.0,103.5,80.68534088134766,28525900.0
2023-02-28,SCB.BK,103.5,104.5,103.0,104.0,81.07512664794922,19098900.0
2023-03-01,SCB.BK,104.0,104.5,103.5,104.0,81.07512664794922,12698800.0
2023-03-02,SCB.BK,104.0,104.5,103.5,103.5,80.68534088134766,12026200.0
2023-03-03,SCB.BK,104.0,104.5,103.5,104.5,81.46490478515625,7436200.0
2023-03-07,SCB.BK,105.0,105.5,104.5,105.0,81.85469055175781,6902900.0
2023-03-08,SCB.BK,104.5,105.0,103.5,104.0,81.07512664794922,10481100.0
2023-03-09,SCB.BK,104.0,105.0,104.0,104.0,81.07512664794922,6863800.0
2023-03-10,SCB.BK,103.5,103.5,102.0,102.5,79.90576934814453,14628600.0
2023-03-13,SCB.BK,102.0,102.5,99.75,99.75,77.7619400024414,25726700.0
2023-03-14,SCB.BK,98.0,100.5,97.5,97.5,76.00791931152344,41678200.0
2023-03-15,SCB.BK,100.0,101.5,99.5,101.0,78.73641204833984,18838500.0
2023-03-16,SCB.BK,99.0,100.5,98.5,100.0,77.95684051513672,29037400.0
2023-03-17,SCB.BK,101.5,102.5,100.5,101.5,79.1261978149414,20423300.0
2023-03-20,SCB.BK,101.0,101.5,99.5,100.5,78.34662628173828,16912900.0
2023-03-21,SCB.BK,100.5,102.5,100.5,102.0,79.51598358154297,9164600.0
2023-03-22,SCB.BK,102.0,102.5,101.0,101.5,79.1261978149414,8658900.0
2023-03-23,SCB.BK,101.0,102.5,100.5,102.0,79.51598358154297,10537400.0
2023-03-24,SCB.BK,102.5,103.0,101.5,102.5,79.90576934814453,8630300.0
2023-03-27,SCB.BK,102.5,103.0,101.0,101.5,79.1261978149414,11345000.0
2023-03-28,SCB.BK,102.0,103.0,101.5,102.5,79.90576934814453,13083800.0
2023-03-29,SCB.BK,103.5,104.0,103.0,103.5,80.68534088134766,14685800.0
2023-03-30,SCB.BK,103.5,103.5,102.0,102.5,79.90576934814453,15348500.0
2023-03-31,SCB.BK,103.0,103.0,102.0,102.5,79.90576934814453,6838700.0
2023-04-03,SCB.BK,103.5,104.0,103.0,103.5,80.68534088134766,5468900.0
2023-04-04,SCB.BK,103.5,103.5,103.0,103.5,80.68534088134766,5276900.0
2023-04-05,SCB.BK,103.0,103.5,103.0,103.0,80.29554748535156,7396900.0
2023-04-07,SCB.BK,103.5,104.0,103.0,103.5,80.68534088134766,8880400.0
2023-04-10,SCB.BK,104.0,105.0,103.5,104.5,81.46490478515625,9397200.0
2023-04-11,SCB.BK,104.5,106.0,104.5,106.0,82.6342544555664,15024900.0
2023-04-12,SCB.BK,106.0,106.0,104.5,105.5,82.24446868896484,19913600.0
2023-04-17,SCB.BK,100.0,102.0,100.0,101.5,83.22016143798828,17896200.0
2023-04-18,SCB.BK,101.5,102.0,101.0,101.0,82.8102035522461,6897700.0
2023-04-19,SCB.BK,101.0,101.5,100.0,100.5,82.40025329589844,9688200.0
2023-04-20,SCB.BK,100.0,100.5,98.75,99.75,81.78531646728516,36407600.0
2023-04-21,SCB.BK,100.5,103.5,100.0,103.0,84.45000457763672,28049800.0
2023-04-24,SCB.BK,103.5,104.0,102.5,102.5,84.0400619506836,12741500.0
2023-04-25,SCB.BK,102.0,103.0,101.5,102.0,83.63011169433594,9024600.0
2023-04-26,SCB.BK,102.0,104.0,102.0,104.0,85.26991271972656,15784300.0
2023-04-27,SCB.BK,103.5,104.0,102.5,103.5,84.8599624633789,11462200.0
2023-04-28,SCB.BK,104.0,104.0,103.0,103.5,84.8599624633789,12851900.0
2023-05-02,SCB.BK,103.5,104.0,102.5,102.5,84.0400619506836,6459800.0
2023-05-03,SCB.BK,103.0,103.5,102.5,103.5,84.8599624633789,12832800.0
2023-05-08,SCB.BK,104.5,105.5,104.0,105.5,86.49976348876953,15583500.0
2023-05-09,SCB.BK,105.5,107.0,105.0,106.5,87.31967163085938,16541100.0
2023-05-10,SCB.BK,106.5,107.0,105.0,107.0,87.72962188720703,13307000.0
2023-05-11,SCB.BK,106.0,107.5,106.0,107.0,87.72962188720703,12383400.0
2023-05-12,SCB.BK,106.5,107.0,105.0,105.5,86.49976348876953,10322600.0
2023-05-15,SCB.BK,106.5,107.0,106.0,106.0,86.90971374511719,12302700.0
2023-05-16,SCB.BK,106.0,106.5,104.0,104.5,85.67987060546875,14413600.0
2023-05-17,SCB.BK,104.0,104.5,102.5,103.0,84.45000457763672,16458000.0
2023-05-18,SCB.BK,103.5,104.5,103.0,103.5,84.8599624633789,9285000.0
2023-05-19,SCB.BK,103.5,104.0,102.5,103.0,84.45000457763672,7696900.0
2023-05-22,SCB.BK,102.5,102.5,101.5,102.5,84.0400619506836,13216700.0
2023-05-23,SCB.BK,102.0,104.0,101.5,103.5,84.8599624633789,10496100.0
2023-05-24,SCB.BK,103.5,104.0,103.0,103.5,84.8599624633789,6990700.0
2023-05-25,SCB.BK,103.0,103.5,102.5,102.5,84.0400619506836,6137600.0
2023-05-26,SCB.BK,102.5,102.5,101.5,102.0,83.63011169433594,7295100.0
2023-05-29,SCB.BK,102.5,103.5,102.0,103.0,84.45000457763672,10470200.0
2023-05-30,SCB.BK,103.0,103.5,102.5,103.0,84.45000457763672,12734600.0
2023-05-31,SCB.BK,102.5,103.5,102.5,103.5,84.8599624633789,6535200.0
2023-06-01,SCB.BK,103.5,104.5,102.5,104.0,85.26991271972656,7704700.0
2023-06-02,SCB.BK,104.0,106.0,104.0,105.5,86.49976348876953,11532300.0
2023-06-06,SCB.BK,106.0,106.5,105.0,105.5,86.49976348876953,9001100.0
2023-06-07,SCB.BK,105.5,105.5,104.5,105.5,86.49976348876953,6262200.0
2023-06-08,SCB.BK,105.5,107.5,105.0,107.5,88.13957214355469,12628300.0
2023-06-09,SCB.BK,107.0,108.0,107.0,107.5,88.13957214355469,8584000.0
2023-06-12,SCB.BK,107.5,108.0,106.5,107.5,88.13957214355469,8528500.0
2023-06-13,SCB.BK,108.0,108.5,107.0,108.0,88.54953002929688,12123800.0
2023-06-14,SCB.BK,107.5,108.5,107.5,108.0,88.54953002929688,6719700.0
2023-06-15,SCB.BK,108.0,108.0,107.0,107.0,87.72962188720703,5387000.0
2023-06-16,SCB.BK,107.0,107.0,105.5,106.5,87.31967163085938,4738700.0
2023-06-19,SCB.BK,106.0,107.0,105.5,107.0,87.72962188720703,5431000.0
2023-06-20,SCB.BK,107.5,108.5,107.0,107.5,88.13957214355469,8024000.0
2023-06-21,SCB.BK,107.0,108.0,107.0,108.0,88.54953002929688,5770700.0
2023-06-22,SCB.BK,107.5,108.0,107.0,107.0,87.72962188720703,4476200.0
2023-06-23,SCB.BK,106.5,107.5,106.0,107.0,87.72962188720703,3723900.0
2023-06-26,SCB.BK,107.5,108.0,106.5,107.5,88.13957214355469,7764900.0
2023-06-27,SCB.BK,107.0,107.5,106.0,106.0,86.90971374511719,6259500.0
2023-06-28,SCB.BK,105.5,105.5,103.0,103.5,84.8599624633789,14925500.0
2023-06-29,SCB.BK,103.0,105.5,103.0,104.5,85.67987060546875,7600500.0
2023-06-30,SCB.BK,104.5,107.5,104.0,106.5,87.31967163085938,12026500.0
2023-07-03,SCB.BK,107.5,108.0,106.5,107.5,88.13957214355469,12935600.0
2023-07-04,SCB.BK,107.5,110.0,107.5,109.5,89.77938842773438,18241400.0
2023-07-05,SCB.BK,109.0,110.0,108.5,109.0,89.36943054199219,10180000.0
2023-07-06,SCB.BK,108.0,108.5,107.0,108.0,88.54953002929688,10800400.0
2023-07-07,SCB.BK,107.5,109.0,107.0,108.5,88.95948028564453,7016800.0
2023-07-10,SCB.BK,109.0,109.5,108.0,108.5,88.95948028564453,5150100.0
2023-07-11,SCB.BK,109.5,109.5,108.5,109.5,89.77938842773438,4703800.0
2023-07-12,SCB.BK,109.5,109.5,107.5,108.0,88.54953002929688,6821700.0
2023-07-13,SCB.BK,107.5,108.0,107.0,107.5,88.13957214355469,4848500.0
2023-07-14,SCB.BK,107.5,108.5,107.5,108.5,88.95948028564453,6144000.0
2023-07-17,SCB.BK,108.5,110.0,108.5,109.5,89.77938842773438,5820600.0
2023-07-18,SCB.BK,109.5,111.5,109.5,111.5,91.41918182373047,14728600.0
2023-07-19,SCB.BK,112.0,112.0,110.5,111.0,91.00923156738281,10232700.0
2023-07-20,SCB.BK,111.0,111.5,110.0,111.0,91.00923156738281,6207500.0
2023-07-21,SCB.BK,112.0,112.0,109.0,110.5,90.59928894042969,19760500.0
2023-07-24,SCB.BK,108.0,108.5,106.5,107.5,88.13957214355469,22193800.0
2023-07-25,SCB.BK,108.0,108.5,107.0,107.0,87.72962188720703,9916200.0
2023-07-26,SCB.BK,107.5,110.5,107.0,110.0,90.1893310546875,16849600.0
2023-07-27,SCB.BK,110.5,111.0,109.5,111.0,91.00923156738281,12559900.0
2023-07-31,SCB.BK,112.0,112.5,111.5,112.5,92.23908996582031,3710200.0
2023-08-02,SCB.BK,113.0,113.5,112.0,112.0,91.82913970947266,9809600.0
2023-08-03,SCB.BK,111.5,112.5,110.5,111.0,91.00923156738281,8837200.0
2023-08-04,SCB.BK,110.5,112.0,110.5,110.5,90.59928894042969,3193400.0
2023-08-07,SCB.BK,110.5,112.5,110.5,111.5,91.41918182373047,6001200.0
2023-08-08,SCB.BK,112.0,112.0,111.0,111.5,91.41918182373047,6687800.0
2023-08-09,SCB.BK,111.5,112.5,111.5,112.5,92.23908996582031,9627100.0
2023-08-10,SCB.BK,112.5,113.5,111.5,113.5,93.05899047851562,8358400.0
2023-08-11,SCB.BK,113.5,113.5,112.5,113.0,92.64904022216797,6154900.0
2023-08-15,SCB.BK,113.0,114.0,112.5,113.0,92.64904022216797,6348700.0
2023-08-16,SCB.BK,112.5,113.5,112.0,113.5,93.05899047851562,5441700.0
2023-08-17,SCB.BK,112.5,114.0,112.0,114.0,93.46893310546875,6331500.0
2023-08-18,SCB.BK,113.5,114.0,113.0,113.5,93.05899047851562,9524200.0
2023-08-21,SCB.BK,113.5,114.5,113.0,113.5,93.05899047851562,5380500.0
2023-08-22,SCB.BK,114.0,115.0,113.5,114.5,93.87889862060547,13495800.0
2023-08-23,SCB.BK,114.5,118.5,114.5,117.5,96.33861541748047,25127400.0
2023-08-24,SCB.BK,117.5,118.0,116.0,116.0,95.10874938964844,16315000.0
2023-08-25,SCB.BK,115.5,117.0,115.5,117.0,95.92864990234375,3328700.0
2023-08-28,SCB.BK,117.0,117.5,116.5,117.5,96.33861541748047,6452600.0
2023-08-29,SCB.BK,117.0,117.5,116.5,117.0,95.92864990234375,8331100.0
2023-08-30,SCB.BK,117.0,117.5,116.0,117.0,95.92864990234375,8064100.0
2023-08-31,SCB.BK,116.5,118.0,116.5,118.0,96.7485580444336,4896200.0
2023-09-01,SCB.BK,118.0,118.5,117.5,118.0,96.7485580444336,5695800.0
2023-09-04,SCB.BK,118.0,118.5,117.5,118.5,97.15850830078125,6376200.0
2023-09-05,SCB.BK,118.0,118.0,115.5,116.0,95.10874938964844,11182100.0
2023-09-06,SCB.BK,116.5,117.5,115.5,116.5,95.5186996459961,17327800.0
2023-09-07,SCB.BK,116.5,117.0,115.5,116.0,95.10874938964844,6584800.0
2023-09-08,SCB.BK,116.5,116.5,115.5,116.0,95.10874938964844,12202000.0
2023-09-11,SCB.BK,116.0,116.5,115.5,116.0,95.10874938964844,5567400.0
2023-09-12,SCB.BK,116.0,116.5,115.5,116.0,95.10874938964844,8288700.0
2023-09-13,SCB.BK,114.0,115.0,113.5,114.0,95.5277328491211,8781900.0
2023-09-14,SCB.BK,114.0,115.0,114.0,114.5,95.94671630859375,7366600.0
2023-09-15,SCB.BK,115.0,115.0,114.0,114.0,95.5277328491211,3463700.0
2023-09-18,SCB.BK,114.0,114.0,111.5,111.5,93.43282318115234,9057400.0
2023-09-19,SCB.BK,111.5,112.0,110.5,110.5,92.59486389160156,7631000.0
2023-09-20,SCB.BK,110.5,111.0,109.0,110.0,92.1758804321289,10804800.0
2023-09-21,SCB.BK,109.5,110.0,108.0,108.5,90.91893768310547,15466900.0
2023-09-22,SCB.BK,106.5,107.0,100.0,103.5,86.7291259765625,81186400.0
2023-09-25,SCB.BK,104.0,104.5,103.0,103.5,86.7291259765625,11352000.0
2023-09-26,SCB.BK,103.5,104.0,101.5,102.0,85.47218322753906,20143800.0
2023-09-27,SCB.BK,102.5,103.5,102.0,102.5,85.89116668701172,15726600.0
2023-09-28,SCB.BK,103.0,103.5,101.5,101.0,84.63421630859375,23424300.0
2023-09-29,SCB.BK,101.5,103.0,101.5,102.5,85.89116668701172,15408100.0
2023-10-02,SCB.BK,102.5,102.5,100.5,102.0,85.47218322753906,10960800.0
2023-10-03,SCB.BK,101.0,101.5,100.5,101.5,85.0531997680664,9371900.0
2023-10-04,SCB.BK,101.0,103.0,100.5,103.0,86.31014251708984,11359200.0
2023-10-05,SCB.BK,104.0,104.5,101.0,102.0,85.47218322753906,16027100.0
2023-10-06,SCB.BK,102.0,103.0,101.5,102.0,85.47218322753906,6585400.0
2023-10-09,SCB.BK,102.0,102.0,101.0,102.0,85.47218322753906,8828800.0
2023-10-10,SCB.BK,102.0,102.5,101.5,101.5,85.0531997680664,9546200.0
2023-10-11,SCB.BK,102.0,103.5,101.5,103.5,86.7291259765625,10982000.0
2023-10-12,SCB.BK,103.5,104.0,103.0,104.0,87.14810180664062,6131300.0
2023-10-16,SCB.BK,104.0,104.0,102.5,103.5,86.7291259765625,9111400.0
2023-10-17,SCB.BK,104.0,104.0,103.0,104.0,87.14810180664062,3919100.0
2023-10-18,SCB.BK,104.0,104.5,103.5,104.0,87.14810180664062,3317200.0
2023-10-19,SCB.BK,103.5,104.0,103.0,103.5,86.7291259765625,5692900.0
2023-10-20,SCB.BK,103.0,103.5,99.0,99.75,83.58675384521484,31188700.0
2023-10-24,SCB.BK,99.75,100.0,95.5,96.0,80.44440460205078,59691200.0
2023-10-25,SCB.BK,96.75,98.75,96.5,98.25,82.32982635498047,22990100.0
2023-10-26,SCB.BK,97.75,99.0,97.0,97.25,81.49185180664062,30030900.0
2023-10-27,SCB.BK,97.75,100.5,97.75,100.0,83.79624938964844,18136800.0
2023-10-30,SCB.BK,99.5,99.75,98.75,99.0,82.95829772949219,16140400.0
2023-10-31,SCB.BK,99.25,99.5,98.0,98.5,82.53931427001953,13069000.0
2023-11-01,SCB.BK,98.0,98.75,97.75,98.0,82.12033081054688,10974500.0
2023-11-02,SCB.BK,98.5,99.5,98.25,99.0,82.95829772949219,11014600.0
2023-11-03,SCB.BK,99.5,100.5,99.25,100.0,83.79624938964844,17607700.0
2023-11-06,SCB.BK,100.5,101.0,100.0,100.0,83.79624938964844,8193900.0
2023-11-07,SCB.BK,99.5,99.5,98.25,98.5,82.53931427001953,15393100.0
2023-11-08,SCB.BK,98.75,99.0,98.0,98.25,82.32982635498047,12860600.0
2023-11-09,SCB.BK,98.25,98.25,97.5,97.75,81.91084289550781,15466900.0
2023-11-10,SCB.BK,97.0,98.25,96.75,97.5,81.70135498046875,10282900.0
2023-11-13,SCB.BK,97.5,98.25,96.75,98.0,82.12033081054688,6999700.0
2023-11-14,SCB.BK,98.0,98.75,97.75,98.5,82.53931427001953,5197700.0
2023-11-15,SCB.BK,99.0,99.5,98.5,98.5,82.53931427001953,15180700.0
2023-11-16,SCB.BK,98.5,98.75,98.0,98.5,82.53931427001953,6522721.0
2023-11-17,SCB.BK,98.5,99.75,98.5,99.0,82.95829772949219,9742000.0
2023-11-20,SCB.BK,99.25,99.5,98.25,98.5,82.53931427001953,5379900.0
2023-11-21,SCB.BK,99.0,99.5,98.75,99.25,83.16777801513672,5178000.0
2023-11-22,SCB.BK,99.25,99.5,98.75,99.25,83.16777801513672,6554200.0
2023-11-23,SCB.BK,99.0,99.5,98.75,98.75,82.7488021850586,4953500.0
2023-11-24,SCB.BK,99.25,99.5,98.75,99.25,83.16777801513672,7815700.0
2023-11-27,SCB.BK,99.25,101.0,99.0,100.0,83.79624938964844,12239200.0
2023-11-28,SCB.BK,100.5,101.0,100.0,100.5,84.21524047851562,4877200.0
2023-11-29,SCB.BK,101.0,101.0,99.75,99.75,83.58675384521484,8201200.0
2023-11-30,SCB.BK,99.75,100.0,99.0,99.25,83.16777801513672,9500100.0
2023-12-01,SCB.BK,99.5,100.5,99.25,99.75,83.58675384521484,9681100.0
2023-12-04,SCB.BK,100.0,101.0,100.0,100.5,84.21524047851562,5770800.0
2023-12-06,SCB.BK,100.5,101.0,99.5,99.75,83.58675384521484,7223200.0
2023-12-07,SCB.BK,99.5,100.0,99.25,99.5,83.37727355957031,7261300.0
2023-12-08,SCB.BK,99.75,100.0,99.0,99.25,83.16777801513672,6868700.0
2023-12-12,SCB.BK,99.0,100.0,99.0,99.5,83.37727355957031,10003900.0
2023-12-13,SCB.BK,99.75,99.75,98.25,98.5,82.53931427001953,8173900.0
2023-12-14,SCB.BK,99.25,99.75,99.0,99.5,83.37727355957031,6827400.0
2023-12-15,SCB.BK,100.0,101.5,99.75,101.0,84.63421630859375,20620900.0
2023-12-18,SCB.BK,100.5,102.5,100.0,102.5,85.89116668701172,6551400.0
2023-12-19,SCB.BK,102.0,103.0,101.5,102.5,85.89116668701172,12327800.0
2023-12-20,SCB.BK,103.0,104.0,102.5,103.5,86.7291259765625,7665700.0
2023-12-21,SCB.BK,103.0,104.0,103.0,103.5,86.7291259765625,10482100.0
2023-12-22,SCB.BK,104.0,104.0,103.0,104.0,87.14810180664062,5691300.0
2023-12-25,SCB.BK,103.5,104.5,103.0,103.5,86.7291259765625,4754100.0
2023-12-26,SCB.BK,103.0,104.0,103.0,104.0,87.14810180664062,3515500.0
2023-12-27,SCB.BK,104.0,104.5,103.5,103.5,86.7291259765625,7946600.0
2023-12-28,SCB.BK,103.5,106.5,103.0,106.0,88.82403564453125,25020700.0
2024-01-03,SCB.BK,105.5,107.0,105.0,106.0,88.82403564453125,9806100.0
2024-01-04,SCB.BK,105.5,105.5,104.0,105.5,88.4050521850586,8391700.0
2024-01-05,SCB.BK,105.0,106.5,105.0,106.5,89.2430191040039,10293100.0
2024-01-08,SCB.BK,106.0,106.0,105.0,105.0,87.98606872558594,6604900.0
2024-01-09,SCB.BK,105.5,106.5,105.0,106.0,88.82403564453125,7858300.0
2024-01-10,SCB.BK,105.5,105.5,103.5,104.0,87.14810180664062,9292900.0
2024-01-11,SCB.BK,104.5,105.5,104.0,105.0,87.98606872558594,5875900.0
2024-01-12,SCB.BK,104.5,105.5,104.5,105.0,87.98606872558594,4825100.0
2024-01-15,SCB.BK,105.0,105.0,105.0,105.0,87.98606872558594,0.0
2024-01-16,SCB.BK,104.5,105.0,103.5,103.5,86.7291259765625,5255700.0
2024-01-17,SCB.BK,103.5,104.5,102.5,102.5,85.89116668701172,10935000.0
2024-01-18,SCB.BK,103.0,103.0,101.5,102.5,85.89116668701172,7378700.0
2024-01-19,SCB.BK,102.5,105.5,102.5,105.0,87.98606872558594,17200000.0
2024-01-22,SCB.BK,105.0,105.5,103.0,105.0,87.98606872558594,8947400.0
2024-01-23,SCB.BK,105.5,105.5,104.0,104.0,87.14810180664062,8419700.0
2024-01-24,SCB.BK,103.5,105.0,103.5,104.5,87.56708526611328,6887600.0
2024-01-25,SCB.BK,104.0,106.0,104.0,106.0,88.82403564453125,9117500.0
2024-01-26,SCB.BK,105.5,106.0,105.0,105.5,88.4050521850586,8507700.0
2024-01-29,SCB.BK,105.5,106.0,104.5,105.0,87.98606872558594,3465300.0
2024-01-30,SCB.BK,105.0,105.5,103.5,104.0,87.14810180664062,7793300.0
2024-01-31,SCB.BK,104.0,105.0,103.5,104.0,87.14810180664062,5769200.0
2024-02-01,SCB.BK,104.0,105.5,103.5,104.5,87.56708526611328,4290800.0
2024-02-02,SCB.BK,105.5,105.5,104.0,105.0,87.98606872558594,4056600.0
2024-02-05,SCB.BK,104.5,105.5,104.5,105.0,87.98606872558594,4967300.0
2024-02-06,SCB.BK,104.5,106.0,104.5,106.0,88.82403564453125,4399100.0
2024-02-07,SCB.BK,106.0,107.0,105.0,105.5,88.4050521850586,5662700.0
2024-02-08,SCB.BK,105.0,105.5,104.0,104.0,87.14810180664062,5575200.0
2024-02-09,SCB.BK,104.5,104.5,102.5,103.0,86.31014251708984,6483900.0
2024-02-12,SCB.BK,103.0,104.5,103.0,104.0,87.14810180664062,2016500.0
2024-02-13,SCB.BK,104.5,104.5,102.0,102.0,85.47218322753906,10411400.0
2024-02-14,SCB.BK,101.5,103.5,101.0,102.5,85.89116668701172,6844700.0
2024-02-15,SCB.BK,102.5,103.0,101.0,101.5,85.0531997680664,9891200.0
2024-02-16,SCB.BK,102.5,103.5,102.5,103.5,86.7291259765625,5838900.0
2024-02-19,SCB.BK,103.0,103.5,102.5,103.5,86.7291259765625,3977400.0
2024-02-20,SCB.BK,103.5,104.5,103.5,104.0,87.14810180664062,4333200.0
2024-02-21,SCB.BK,110.0,111.5,109.0,111.0,93.01383972167969,58183400.0
2024-02-22,SCB.BK,111.0,111.5,110.5,111.0,93.01383972167969,15540000.0
2024-02-23,SCB.BK,111.0,112.5,111.0,112.5,94.27079010009766,18941200.0
2024-02-27,SCB.BK,112.5,114.0,112.5,113.5,95.10874938964844,19382300.0
2024-02-28,SCB.BK,113.5,114.0,113.0,113.5,95.10874938964844,12382600.0
2024-02-29,SCB.BK,113.5,114.5,111.5,112.5,94.27079010009766,18765100.0
2024-03-01,SCB.BK,113.0,113.5,111.5,111.5,93.43282318115234,15517900.0
2024-03-04,SCB.BK,112.0,113.0,111.0,112.5,94.27079010009766,6543900.0
2024-03-05,SCB.BK,112.5,113.0,112.0,112.0,93.851806640625,6801700.0
2024-03-06,SCB.BK,112.5,113.5,112.5,113.0,94.68976593017578,6231400.0
2024-03-07,SCB.BK,112.5,113.5,112.5,112.5,94.27079010009766,8502100.0
2024-03-08,SCB.BK,112.5,113.5,112.0,113.5,95.10874938964844,4148600.0
2024-03-11,SCB.BK,113.0,113.5,112.5,113.0,94.68976593017578,6463900.0
2024-03-12,SCB.BK,113.0,113.0,113.0,113.0,94.68976593017578,0.0
2024-03-13,SCB.BK,113.0,113.5,112.5,113.5,95.10874938964844,4089000.0
2024-03-14,SCB.BK,113.5,115.0,113.0,115.0,96.36569213867188,14380200.0
2024-03-15,SCB.BK,115.0,115.0,115.0,115.0,96.36569213867188,0.0
2024-03-18,SCB.BK,114.0,115.0,114.0,114.5,95.94671630859375,9946000.0
2024-03-19,SCB.BK,114.5,116.0,114.5,115.5,96.78467559814453,9030100.0
2024-03-20,SCB.BK,115.5,115.5,115.5,115.5,96.78467559814453,0.0
2024-03-21,SCB.BK,115.0,116.0,114.5,115.0,96.36569213867188,7230300.0
2024-03-22,SCB.BK,115.0,115.0,115.0,115.0,96.36569213867188,0.0
2024-03-25,SCB.BK,115.0,116.0,114.0,114.5,95.94671630859375,8995300.0
2024-03-26,SCB.BK,114.5,114.5,114.5,114.5,95.94671630859375,0.0
2024-03-27,SCB.BK,114.5,115.0,114.5,114.5,95.94671630859375,4421500.0
2024-03-28,SCB.BK,114.5,114.5,114.5,114.5,95.94671630859375,0.0
2024-03-29,SCB.BK,114.0,114.5,114.0,114.0,95.5277328491211,5281200.0
2024-04-01,SCB.BK,114.5,114.5,114.0,114.0,95.5277328491211,3179500.0
2024-04-02,SCB.BK,114.0,114.5,113.5,114.0,95.5277328491211,8532800.0
2024-04-03,SCB.BK,113.5,114.0,112.0,112.5,94.27079010009766,14065100.0
2024-04-04,SCB.BK,112.0,112.5,111.0,111.5,93.43282318115234,14559200.0
2024-04-05,SCB.BK,111.5,113.0,111.0,112.5,94.27079010009766,7172000.0
2024-04-09,SCB.BK,113.0,115.0,112.5,115.0,96.36569213867188,11795400.0
2024-04-10,SCB.BK,115.0,115.5,114.5,115.5,96.78467559814453,8728900.0
2024-04-11,SCB.BK,115.5,116.5,115.0,115.5,96.78467559814453,24277900.0
2024-04-17,SCB.BK,115.5,115.5,115.5,115.5,103.83271026611328,0.0
2024-04-18,SCB.BK,115.5,115.5,115.5,115.5,103.83271026611328,0.0
2024-04-19,SCB.BK,115.5,115.5,115.5,115.5,103.83271026611328,0.0
2024-04-22,SCB.BK,104.5,105.5,104.5,104.5,93.94388580322266,15509000.0
2024-04-23,SCB.BK,105.5,106.0,105.0,105.0,94.39337921142578,13766700.0
2024-04-24,SCB.BK,105.5,105.5,103.5,105.0,94.39337921142578,12660500.0
2024-04-25,SCB.BK,105.0,105.5,104.5,105.0,94.39337921142578,3999400.0
2024-04-26,SCB.BK,105.0,107.0,104.5,106.5,95.74185943603516,10962700.0
2024-04-29,SCB.BK,107.0,107.0,105.0,106.0,95.2923583984375,9444200.0
2024-04-30,SCB.BK,106.0,106.0,106.0,106.0,95.2923583984375,0.0
2024-05-02,SCB.BK,106.0,106.5,105.5,106.0,95.2923583984375,5576600.0
2024-05-03,SCB.BK,106.5,106.5,105.0,106.0,95.2923583984375,6315300.0
2024-05-07,SCB.BK,106.0,106.0,106.0,106.0,95.2923583984375,0.0
2024-05-08,SCB.BK,106.0,107.0,106.0,106.5,95.74185943603516,8122600.0
2024-05-09,SCB.BK,106.5,108.5,106.5,107.5,96.64083862304688,9173400.0
2024-05-10,SCB.BK,107.5,108.5,107.0,108.0,97.09032440185547,6099300.0
2024-05-13,SCB.BK,108.5,108.5,106.0,106.5,95.74185943603516,12781500.0
2024-05-14,SCB.BK,106.5,107.0,106.0,106.0,95.2923583984375,6717600.0
2024-05-15,SCB.BK,106.0,106.5,105.0,105.0,94.39337921142578,11008100.0
2024-05-16,SCB.BK,105.0,105.0,105.0,105.0,94.39337921142578,0.0
2024-05-17,SCB.BK,106.5,106.5,105.5,106.5,95.74185943603516,7186800.0
2024-05-20,SCB.BK,106.5,106.5,106.5,106.5,95.74185943603516,0.0
2024-05-21,SCB.BK,107.0,107.5,106.5,107.5,96.64083862304688,3200600.0
2024-05-23,SCB.BK,107.5,108.0,107.0,107.0,96.19134521484375,4934600.0
2024-05-24,SCB.BK,107.0,107.0,107.0,107.0,96.19134521484375,0.0
2024-05-27,SCB.BK,107.0,107.0,107.0,107.0,96.19134521484375,0.0
2024-05-28,SCB.BK,107.0,107.0,106.5,106.5,95.74185943603516,3473100.0
2024-05-29,SCB.BK,106.5,107.0,106.5,106.5,95.74185943603516,5102200.0
2024-05-30,SCB.BK,106.5,106.5,106.5,106.5,95.74185943603516,0.0
2024-05-31,SCB.BK,106.5,106.5,106.5,106.5,95.74185943603516,0.0
2024-06-04,SCB.BK,106.0,106.0,105.0,105.5,94.84286499023438,4462900.0
2024-06-05,SCB.BK,105.5,105.5,105.5,105.5,94.84286499023438,0.0
2024-06-06,SCB.BK,105.0,105.0,104.0,105.0,94.39337921142578,5949000.0
2024-06-07,SCB.BK,105.0,105.0,105.0,105.0,94.39337921142578,0.0
2024-06-10,SCB.BK,104.5,104.5,103.5,104.0,93.49439239501953,6450500.0
2024-06-11,SCB.BK,104.0,104.0,103.0,103.0,92.59540557861328,5419300.0
2024-06-12,SCB.BK,103.0,104.0,102.5,104.0,93.49439239501953,9694700.0
2024-06-13,SCB.BK,104.0,105.0,104.0,104.5,93.94388580322266,9139100.0
2024-06-14,SCB.BK,105.0,107.0,104.5,106.0,95.2923583984375,11852900.0
2024-06-17,SCB.BK,106.5,106.5,104.5,105.5,94.84286499023438,6502900.0
2024-06-18,SCB.BK,105.5,106.5,105.5,106.0,95.2923583984375,4977600.0
2024-06-19,SCB.BK,106.0,106.0,106.0,106.0,95.2923583984375,0.0
2024-06-20,SCB.BK,105.5,105.5,104.5,105.5,94.84286499023438,4527600.0
2024-06-21,SCB.BK,105.0,106.5,105.0,106.0,95.2923583984375,16054000.0
2024-06-24,SCB.BK,106.0,106.0,106.0,106.0,95.2923583984375,0.0
2024-06-25,SCB.BK,106.0,106.0,106.0,106.0,95.2923583984375,0.0
2024-06-26,SCB.BK,106.0,106.0,106.0,106.0,95.2923583984375,0.0
2024-06-27,SCB.BK,106.0,106.0,103.0,104.0,93.49439239501953,15921800.0
2024-06-28,SCB.BK,104.0,104.0,103.0,103.0,92.59540557861328,8700100.0
2024-07-01,SCB.BK,103.0,103.0,103.0,103.0,92.59540557861328,0.0
2024-07-02,SCB.BK,103.0,103.0,103.0,103.0,92.59540557861328,0.0
2024-07-03,SCB.BK,103.5,104.0,103.0,104.0,93.49439239501953,4297800.0
2024-07-04,SCB.BK,104.0,105.0,104.0,104.5,93.94388580322266,4646700.0
2024-07-05,SCB.BK,104.5,105.5,104.5,105.5,94.84286499023438,4120000.0
2024-07-08,SCB.BK,105.0,105.5,105.0,105.5,94.84286499023438,3763000.0
2024-07-09,SCB.BK,105.5,105.5,105.5,105.5,94.84286499023438,0.0
2024-07-10,SCB.BK,106.0,106.5,105.5,106.0,95.2923583984375,4113500.0
2024-07-11,SCB.BK,106.0,106.5,105.5,106.0,95.2923583984375,4090700.0
2024-07-12,SCB.BK,106.5,106.5,106.0,106.5,95.74185943603516,4303800.0
2024-07-15,SCB.BK,102.0,104.0,102.0,103.0,92.59540557861328,27479200.0
2024-07-16,SCB.BK,103.0,103.5,102.0,102.5,92.14591217041016,8055900.0
2024-07-17,SCB.BK,102.5,102.5,102.5,102.5,92.14591217041016,0.0
2024-07-18,SCB.BK,102.5,103.0,101.5,101.5,91.24693298339844,8851000.0
2024-07-19,SCB.BK,102.0,102.0,100.5,101.5,91.24693298339844,9390400.0
2024-07-23,SCB.BK,101.5,102.5,100.0,100.5,90.34793853759766,9910800.0
2024-07-24,SCB.BK,100.5,101.0,100.0,100.5,90.34793853759766,4630500.0
2024-07-25,SCB.BK,100.5,101.0,100.0,100.5,90.34793853759766,4602500.0
2024-07-26,SCB.BK,101.0,103.5,101.0,103.0,92.59540557861328,7347500.0
2024-07-30,SCB.BK,103.0,103.0,103.0,103.0,92.59540557861328,0.0
2024-07-31,SCB.BK,103.5,104.0,103.0,103.0,92.59540557861328,4199000.0
2024-08-01,SCB.BK,103.5,103.5,102.5,102.5,92.14591217041016,2975700.0
2024-08-02,SCB.BK,102.5,102.5,102.5,102.5,92.14591217041016,0.0
2024-08-05,SCB.BK,101.5,102.0,100.5,100.5,90.34793853759766,7061000.0
2024-08-06,SCB.BK,101.5,102.0,100.5,100.5,90.34793853759766,5141000.0
2024-08-07,SCB.BK,101.5,102.0,101.0,102.0,91.69642639160156,2675000.0
2024-08-08,SCB.BK,102.0,102.0,102.0,102.0,91.69642639160156,0.0
2024-08-09,SCB.BK,102.0,102.5,101.5,102.0,91.69642639160156,4963000.0
2024-08-13,SCB.BK,101.5,102.0,100.5,102.0,91.69642639160156,7018100.0
2024-08-14,SCB.BK,102.0,103.0,101.5,103.0,92.59540557861328,6145400.0
2024-08-15,SCB.BK,103.0,103.0,103.0,103.0,92.59540557861328,0.0
2024-08-16,SCB.BK,102.5,104.0,102.0,103.5,93.04490661621094,6711600.0
2024-08-19,SCB.BK,103.5,106.5,103.5,106.5,95.74185943603516,17723600.0
2024-08-20,SCB.BK,106.5,107.0,105.5,106.0,95.2923583984375,11287800.0
2024-08-21,SCB.BK,106.0,106.5,105.5,106.5,95.74185943603516,11748100.0
2024-08-22,SCB.BK,106.5,106.5,106.5,106.5,95.74185943603516,0.0
2024-08-23,SCB.BK,106.5,109.5,105.5,109.0,97.98931884765625,59019600.0
2024-08-26,SCB.BK,109.0,109.0,107.0,108.0,97.09032440185547,10244900.0
2024-08-27,SCB.BK,108.0,108.5,107.0,107.0,96.19134521484375,6957900.0
2024-08-28,SCB.BK,107.0,108.0,106.5,107.5,96.64083862304688,6488700.0
2024-08-29,SCB.BK,108.0,108.5,107.5,107.5,96.64083862304688,5902800.0
2024-08-30,SCB.BK,107.5,108.5,107.0,107.0,96.19134521484375,8290300.0
2024-09-02,SCB.BK,107.0,107.0,107.0,107.0,96.19134521484375,0.0
2024-09-03,SCB.BK,107.0,107.0,107.0,107.0,96.19134521484375,0.0
2024-09-04,SCB.BK,107.0,107.0,107.0,107.0,96.19134521484375,0.0
2024-09-05,SCB.BK,106.0,108.0,105.5,107.5,98.48161315917969,18125700.0
2024-09-06,SCB.BK,108.5,113.5,108.0,113.5,103.97826385498047,40715400.0
2024-09-09,SCB.BK,113.5,113.5,113.5,113.5,103.97826385498047,0.0
2024-09-10,SCB.BK,112.0,113.0,111.5,112.0,102.6041030883789,13984000.0
2024-09-11,SCB.BK,112.0,113.0,111.5,112.5,103.0621566772461,14614200.0
2024-09-12,SCB.BK,112.5,113.5,112.5,113.0,103.52021026611328,10800600.0
2024-09-13,SCB.BK,113.5,114.5,112.0,112.0,102.6041030883789,24207600.0
2024-09-16,SCB.BK,112.0,112.0,112.0,112.0,102.6041030883789,0.0
2024-09-17,SCB.BK,112.0,112.0,112.0,112.0,102.6041030883789,0.0
2024-09-18,SCB.BK,112.0,112.0,112.0,112.0,102.6041030883789,0.0
2024-09-19,SCB.BK,112.0,112.0,112.0,112.0,102.6041030883789,0.0
2024-09-20,SCB.BK,110.5,111.5,110.5,111.5,102.14604949951172,10099500.0
2024-09-23,SCB.BK,111.5,112.5,111.0,112.0,102.6041030883789,5902200.0
2024-09-24,SCB.BK,112.5,113.0,111.5,112.0,102.6041030883789,9229000.0
2024-09-25,SCB.BK,112.5,112.5,111.0,111.0,101.68799591064453,7379500.0
2024-09-26,SCB.BK,111.0,111.5,111.0,111.0,101.68799591064453,3866000.0
2024-09-27,SCB.BK,111.0,111.0,111.0,111.0,101.68799591064453,0.0
2024-09-30,SCB.BK,109.5,110.5,108.5,109.0,99.85578155517578,18402600.0
2024-10-01,SCB.BK,109.5,111.5,109.0,110.0,100.77188873291016,16092200.0
2024-10-02,SCB.BK,109.5,110.5,109.5,110.0,100.77188873291016,5779100.0
2024-10-03,SCB.BK,109.5,110.5,109.5,109.5,100.31383514404297,4904500.0
2024-10-04,SCB.BK,109.5,109.5,109.5,109.5,100.31383514404297,0.0
2024-10-07,SCB.BK,110.0,111.5,110.0,110.5,101.22994232177734,4731100.0
2024-10-08,SCB.BK,110.0,111.0,110.0,110.0,100.77188873291016,6068500.0
2024-10-09,SCB.BK,111.0,111.5,110.0,110.0,100.77188873291016,4270000.0
2024-10-10,SCB.BK,110.0,111.0,110.0,110.0,100.77188873291016,3604900.0
2024-10-11,SCB.BK,110.0,110.0,110.0,110.0,100.77188873291016,0.0
2024-10-15,SCB.BK,110.0,110.5,108.5,109.0,99.85578155517578,9960000.0
2024-10-16,SCB.BK,109.0,109.0,109.0,109.0,99.85578155517578,0.0
2024-10-17,SCB.BK,109.5,111.5,109.5,111.0,101.68799591064453,9368300.0
2024-10-18,SCB.BK,111.0,111.5,109.5,110.0,100.77188873291016,8819600.0
2024-10-21,SCB.BK,110.5,114.0,109.0,114.0,104.43631744384766,29669100.0
2024-10-22,SCB.BK,114.0,114.0,114.0,114.0,104.43631744384766,0.0
2024-10-24,SCB.BK,112.5,115.5,112.5,113.5,103.97826385498047,19903600.0
2024-10-25,SCB.BK,113.5,113.5,113.5,113.5,103.97826385498047,0.0
2024-10-28,SCB.BK,114.5,115.0,113.5,115.0,105.35242462158203,10936700.0
2024-10-29,SCB.BK,115.0,115.0,115.0,115.0,105.35242462158203,0.0
2024-10-30,SCB.BK,114.0,114.0,112.0,112.0,102.6041030883789,7681700.0
2024-10-31,SCB.BK,112.0,114.0,112.0,113.5,103.97826385498047,5301600.0
2024-11-01,SCB.BK,113.5,114.0,112.0,112.5,103.0621566772461,5141900.0
2024-11-04,SCB.BK,113.0,113.5,112.5,113.0,103.52021026611328,3710500.0
2024-11-05,SCB.BK,113.0,114.0,112.5,113.5,103.97826385498047,5001500.0
2024-11-06,SCB.BK,114.0,115.0,113.5,113.5,103.97826385498047,8899300.0
2024-11-07,SCB.BK,113.5,116.0,113.5,115.0,105.35242462158203,16466000.0
2024-11-08,SCB.BK,115.0,115.5,114.0,115.0,105.35242462158203,5084000.0
2024-11-11,SCB.BK,115.0,115.5,113.5,114.0,104.43631744384766,5159800.0
2024-11-12,SCB.BK,113.5,114.0,113.5,113.5,103.97826385498047,3270700.0
2024-11-13,SCB.BK,113.5,114.5,113.5,114.5,104.89437103271484,4322100.0
2024-11-14,SCB.BK,114.5,115.0,113.5,114.0,104.43631744384766,5033500.0
2024-11-15,SCB.BK,114.0,114.5,114.0,114.5,104.89437103271484,2606200.0
2024-11-18,SCB.BK,115.0,115.5,114.5,115.0,105.35242462158203,5633700.0
2024-11-19,SCB.BK,115.0,116.0,114.0,114.5,104.89437103271484,9505600.0
2024-11-20,SCB.BK,114.5,114.5,113.5,114.0,104.43631744384766,4577500.0
2024-11-21,SCB.BK,114.5,115.5,114.0,114.5,104.89437103271484,5883600.0
2024-11-22,SCB.BK,115.5,115.5,114.0,114.5,104.89437103271484,4879600.0
2024-11-25,SCB.BK,114.5,115.0,114.0,115.0,105.35242462158203,8031300.0
2024-11-26,SCB.BK,114.5,115.5,114.5,115.0,105.35242462158203,8409300.0
2024-11-27,SCB.BK,115.0,116.0,114.5,114.5,104.89437103271484,10063700.0
2024-11-28,SCB.BK,115.0,115.5,114.0,114.0,104.43631744384766,6180500.0
2024-11-29,SCB.BK,114.0,115.0,113.5,114.5,104.89437103271484,6435000.0
2024-12-02,SCB.BK,115.0,115.5,114.5,115.5,105.81048583984375,5177100.0
2024-12-03,SCB.BK,115.5,116.0,115.0,116.0,106.2685317993164,11866600.0
2024-12-04,SCB.BK,116.0,118.0,116.0,118.0,108.10074615478516,12380400.0
2024-12-06,SCB.BK,118.0,118.5,117.5,118.0,108.10074615478516,5165800.0
2024-12-09,SCB.BK,118.5,119.0,117.0,118.5,108.55880737304688,6849700.0
2024-12-11,SCB.BK,118.5,118.5,117.5,118.0,108.10074615478516,5862600.0
2024-12-12,SCB.BK,118.5,119.0,117.5,117.5,107.6427001953125,5503300.0
2024-12-13,SCB.BK,117.5,118.5,117.0,118.5,108.55880737304688,5096200.0
2024-12-16,SCB.BK,118.5,118.5,117.5,118.5,108.55880737304688,5425700.0
2024-12-17,SCB.BK,118.0,118.5,116.0,116.0,106.2685317993164,8060800.0
2024-12-18,SCB.BK,116.5,118.5,116.5,118.5,108.55880737304688,7023200.0
2024-12-19,SCB.BK,117.0,118.0,116.5,117.5,107.6427001953125,7651400.0
2024-12-20,SCB.BK,117.5,117.5,114.0,116.5,106.72659301757812,15743400.0
2024-12-23,SCB.BK,116.5,117.5,116.0,117.5,107.6427001953125,5474500.0
2024-12-24,SCB.BK,117.5,118.0,117.0,118.0,108.10074615478516,2796700.0
2024-12-25,SCB.BK,118.0,118.5,117.0,118.0,108.10074615478516,3111700.0
2024-12-26,SCB.BK,118.0,118.5,117.5,118.0,108.10074615478516,2395600.0
2024-12-27,SCB.BK,118.0,118.0,117.0,117.0,107.18463897705078,2355700.0
2024-12-30,SCB.BK,117.5,118.0,117.0,117.5,107.6427001953125,3151600.0
2025-01-02,SCB.BK,117.5,118.0,117.0,117.0,107.18463897705078,2809000.0
2025-01-03,SCB.BK,117.5,118.5,117.0,118.0,108.10074615478516,4531500.0
2025-01-06,SCB.BK,118.5,119.5,118.0,118.0,108.10074615478516,8112300.0
2025-01-07,SCB.BK,118.5,120.0,118.5,120.0,109.9329605102539,7738100.0
2025-01-08,SCB.BK,119.5,120.0,118.5,119.0,109.01685333251953,6406400.0
2025-01-09,SCB.BK,119.0,119.5,117.5,118.5,108.55880737304688,8010600.0
2025-01-10,SCB.BK,118.5,119.5,117.5,119.0,109.01685333251953,3687800.0
2025-01-13,SCB.BK,118.5,121.0,118.5,121.0,110.84906768798828,9560700.0
2025-01-14,SCB.BK,121.0,121.5,119.5,119.5,109.47491455078125,8220400.0
2025-01-15,SCB.BK,120.0,121.5,119.5,121.5,111.30712890625,5729200.0
2025-01-16,SCB.BK,122.0,122.5,120.5,122.0,111.76518249511719,7040000.0
2025-01-17,SCB.BK,122.0,122.0,121.0,121.5,111.30712890625,6558900.0
2025-01-20,SCB.BK,122.0,122.5,121.0,121.5,111.30712890625,3679800.0
2025-01-21,SCB.BK,122.0,123.0,120.0,122.5,112.22323608398438,10877800.0
2025-01-22,SCB.BK,122.5,125.0,122.0,124.5,114.05545043945312,14199900.0
2025-01-23,SCB.BK,124.5,125.0,122.5,122.5,112.22323608398438,9137700.0
2025-01-24,SCB.BK,123.5,124.5,122.5,123.0,112.6812973022461,6163700.0
2025-01-27,SCB.BK,123.0,125.0,123.0,124.0,113.59740447998047,3963900.0
2025-01-28,SCB.BK,124.0,126.0,124.0,125.0,114.51351165771484,5124500.0
2025-01-29,SCB.BK,126.0,126.5,125.0,126.0,115.42961883544922,4762200.0
2025-01-30,SCB.BK,126.5,126.5,124.5,125.5,114.9715576171875,5500800.0
2025-01-31,SCB.BK,125.5,126.5,124.0,125.0,114.51351165771484,7471000.0
2025-02-03,SCB.BK,124.5,126.0,123.0,126.0,115.42961883544922,12061800.0
2025-02-04,SCB.BK,126.5,127.5,125.5,127.0,116.3457260131836,11021800.0
2025-02-05,SCB.BK,127.5,127.5,126.0,126.5,115.88766479492188,5035500.0
2025-02-06,SCB.BK,127.0,127.5,126.5,127.5,116.80377197265625,6967000.0
2025-02-07,SCB.BK,127.0,127.0,124.5,126.0,115.42961883544922,11190100.0
2025-02-10,SCB.BK,126.0,127.0,125.0,126.5,115.88766479492188,7353700.0
2025-02-11,SCB.BK,126.5,126.5,125.0,125.5,114.9715576171875,6819800.0
2025-02-13,SCB.BK,125.5,126.5,124.0,124.5,114.05545043945312,9945100.0
2025-02-14,SCB.BK,124.5,125.0,118.5,120.5,110.39102172851562,26947000.0
2025-02-17,SCB.BK,119.0,122.5,118.5,122.5,112.22323608398438,11360100.0
2025-02-18,SCB.BK,123.5,126.0,123.0,125.5,114.9715576171875,10932700.0
2025-02-19,SCB.BK,126.0,128.0,124.5,127.0,116.3457260131836,15088500.0
2025-02-20,SCB.BK,127.0,128.0,126.0,127.5,116.80377197265625,14920300.0
2025-02-21,SCB.BK,127.0,127.5,126.0,126.0,115.42961883544922,9693300.0
2025-02-24,SCB.BK,126.5,126.5,125.0,125.5,114.9715576171875,5712300.0
2025-02-25,SCB.BK,126.0,126.0,123.0,123.5,113.13934326171875,10431500.0
2025-02-26,SCB.BK,123.0,126.0,122.5,124.0,113.59740447998047,16127000.0
2025-02-27,SCB.BK,123.0,124.5,122.5,123.5,113.13934326171875,6592300.0
2025-02-28,SCB.BK,122.0,123.5,121.5,122.0,111.76518249511719,11171900.0
2025-03-03,SCB.BK,122.0,125.0,122.0,123.0,112.6812973022461,9186600.0
2025-03-04,SCB.BK,122.5,124.0,121.0,121.5,111.30712890625,8091100.0
2025-03-05,SCB.BK,122.0,123.0,121.5,122.0,111.76518249511719,5627500.0
2025-03-06,SCB.BK,122.5,123.0,121.5,121.5,111.30712890625,6233500.0
2025-03-07,SCB.BK,121.0,122.0,121.0,121.5,111.30712890625,6318200.0
2025-03-10,SCB.BK,124.0,124.5,122.5,122.5,112.22323608398438,9766000.0
2025-03-11,SCB.BK,122.0,124.5,121.5,124.5,114.05545043945312,8358700.0
2025-03-12,SCB.BK,124.5,125.0,123.5,124.5,114.05545043945312,6375400.0
2025-03-13,SCB.BK,124.5,124.5,123.5,124.5,114.05545043945312,7066000.0
2025-03-14,SCB.BK,124.5,124.5,123.5,123.5,113.13934326171875,6833000.0
2025-03-17,SCB.BK,124.0,124.5,123.0,123.0,112.6812973022461,4765600.0
2025-03-18,SCB.BK,123.5,125.0,123.0,124.0,113.59740447998047,8730800.0
2025-03-19,SCB.BK,124.0,125.5,124.0,125.0,114.51351165771484,5928600.0
2025-03-20,SCB.BK,125.0,126.0,124.5,124.5,114.05545043945312,8874600.0
2025-03-21,SCB.BK,125.0,125.5,124.0,125.0,114.51351165771484,9524600.0
2025-03-24,SCB.BK,125.0,125.5,124.5,124.5,114.05545043945312,4902100.0
2025-03-25,SCB.BK,124.5,125.5,124.5,125.0,114.51351165771484,6032600.0
2025-03-26,SCB.BK,125.0,125.5,124.5,125.0,114.51351165771484,5791200.0
2025-03-27,SCB.BK,125.0,126.0,124.5,126.0,115.42961883544922,6668700.0
2025-03-28,SCB.BK,126.0,126.5,125.0,125.5,114.9715576171875,4365300.0
2025-03-31,SCB.BK,124.5,125.0,123.0,123.0,112.6812973022461,13702400.0
2025-04-01,SCB.BK,123.5,125.0,123.5,124.0,113.59740447998047,5052200.0
2025-04-02,SCB.BK,124.0,125.0,123.5,124.5,114.05545043945312,6700200.0
2025-04-03,SCB.BK,124.0,124.5,123.5,124.0,113.59740447998047,7052700.0
2025-04-04,SCB.BK,123.5,124.0,122.0,122.5,112.22323608398438,11692500.0
2025-04-08,SCB.BK,119.0,119.5,113.5,114.0,104.43631744384766,30207900.0
2025-04-09,SCB.BK,113.0,119.0,112.0,119.0,109.01685333251953,15611400.0
2025-04-10,SCB.BK,124.0,124.0,122.0,122.5,112.22323608398438,12177100.0
2025-04-11,SCB.BK,121.5,122.0,120.5,121.5,111.30712890625,16882000.0
2025-04-16,SCB.BK,112.0,114.0,111.5,113.5,111.74031066894531,21070400.0
2025-04-17,SCB.BK,114.0,116.5,113.5,116.0,114.20155334472656,11617900.0
2025-04-18,SCB.BK,116.0,116.0,114.5,115.0,113.21705627441406,7020300.0
2025-04-21,SCB.BK,114.0,114.5,112.5,112.5,110.75581359863281,12712200.0
2025-04-22,SCB.BK,112.5,113.0,111.0,112.0,110.26356506347656,18049600.0
2025-04-23,SCB.BK,113.0,114.0,112.5,113.5,111.74031066894531,10075500.0
2025-04-24,SCB.BK,113.5,118.0,113.0,116.5,114.69379425048828,21016600.0
2025-04-25,SCB.BK,116.5,117.0,115.0,116.0,114.20155334472656,10324900.0
2025-04-28,SCB.BK,116.0,117.0,116.0,117.0,115.18604278564453,7776200.0
2025-04-29,SCB.BK,117.0,117.5,116.0,117.0,115.18604278564453,8443200.0
2025-04-30,SCB.BK,117.0,119.5,116.0,119.0,117.15503692626953,15732700.0
2025-05-02,SCB.BK,119.0,120.0,118.0,118.5,116.66278839111328,11398600.0
2025-05-06,SCB.BK,118.5,120.0,117.5,119.5,117.64728546142578,12784600.0
2025-05-07,SCB.BK,119.5,121.0,119.0,120.0,118.13953399658203,11651300.0
2025-05-08,SCB.BK,120.0,121.5,119.5,120.5,118.63178253173828,9232600.0
2025-05-09,SCB.BK,120.0,120.0,118.0,119.0,117.15503692626953,8794500.0
2025-05-13,SCB.BK,120.0,121.0,119.5,120.0,118.13953399658203,7376600.0
2025-05-14,SCB.BK,119.5,120.5,119.0,120.0,118.13953399658203,5812100.0
2025-05-15,SCB.BK,119.0,120.0,118.5,119.5,117.64728546142578,7459500.0
2025-05-16,SCB.BK,119.5,120.5,118.5,120.0,118.13953399658203,7412700.0
2025-05-19,SCB.BK,119.5,120.5,119.0,120.0,118.13953399658203,5860800.0
2025-05-20,SCB.BK,120.0,122.5,120.0,122.5,120.60077667236328,19236100.0
2025-05-21,SCB.BK,122.0,122.0,121.0,121.0,119.12403106689453,9360900.0
2025-05-22,SCB.BK,120.5,122.0,120.5,121.0,119.12403106689453,8808100.0
2025-05-23,SCB.BK,122.0,122.5,121.5,122.0,120.10852813720703,7088900.0
2025-05-26,SCB.BK,122.0,122.0,121.0,121.5,119.61627960205078,3760700.0
2025-05-27,SCB.BK,121.5,122.0,120.0,120.0,118.13953399658203,7579100.0
2025-05-28,SCB.BK,120.0,120.5,119.0,119.5,117.64728546142578,6013000.0
2025-05-29,SCB.BK,120.0,120.5,119.0,119.5,117.64728546142578,9475900.0
2025-05-30,SCB.BK,119.5,120.5,118.5,118.5,116.66278839111328,19922700.0
2025-06-04,SCB.BK,118.5,119.5,115.0,116.5,114.69379425048828,20719500.0
2025-06-05,SCB.BK,117.0,118.0,115.5,117.5,115.67829132080078,9722000.0
2025-06-06,SCB.BK,117.5,118.0,116.5,117.0,115.18604278564453,6913200.0
2025-06-09,SCB.BK,118.0,118.0,117.0,117.0,115.18604278564453,1586300.0
2025-06-10,SCB.BK,117.0,121.0,117.0,120.5,118.63178253173828,12858400.0
2025-06-11,SCB.BK,120.5,121.0,120.0,120.5,118.63178253173828,3328700.0
2025-06-12,SCB.BK,120.0,121.0,118.0,118.5,116.66278839111328,7635700.0
2025-06-13,SCB.BK,117.5,119.0,117.0,118.0,116.17053985595703,8584000.0
2025-06-16,SCB.BK,117.5,118.0,116.5,117.5,115.67829132080078,6811800.0
2025-06-17,SCB.BK,117.0,118.0,117.0,118.0,116.17053985595703,5534200.0
2025-06-18,SCB.BK,118.0,118.5,116.5,117.0,115.18604278564453,6370800.0
2025-06-19,SCB.BK,115.5,116.5,115.0,115.5,113.70930480957031,9518800.0
2025-06-20,SCB.BK,115.5,117.0,115.5,116.5,114.69379425048828,11626900.0
2025-06-23,SCB.BK,115.5,116.0,115.0,116.0,114.20155334472656,6002000.0
2025-06-24,SCB.BK,117.0,118.5,116.5,118.5,116.66278839111328,13109800.0
2025-06-25,SCB.BK,118.5,119.0,117.0,118.5,116.66278839111328,7697000.0
2025-06-26,SCB.BK,118.0,120.0,117.5,119.0,117.15503692626953,12550300.0
2025-06-27,SCB.BK,118.5,118.5,117.0,117.5,115.67829132080078,9529700.0
2025-06-30,SCB.BK,117.5,117.5,116.0,117.5,115.67829132080078,11095700.0
2025-07-01,SCB.BK,117.0,119.0,117.0,118.0,116.17053985595703,13657400.0
2025-07-02,SCB.BK,118.0,120.0,118.0,120.0,118.13953399658203,18563500.0
2025-07-03,SCB.BK,120.0,120.5,119.5,120.0,118.13953399658203,10812500.0
2025-07-04,SCB.BK,120.0,120.0,118.5,119.0,117.15503692626953,8225400.0
2025-07-07,SCB.BK,118.5,119.5,118.0,119.0,117.15503692626953,6481600.0
2025-07-08,SCB.BK,118.5,119.0,118.0,118.0,116.17053985595703,6887600.0
2025-07-09,SCB.BK,118.0,119.0,117.5,117.5,115.67829132080078,6380800.0
2025-07-11,SCB.BK,118.0,119.0,118.0,118.0,116.17053985595703,4985700.0
2025-07-14,SCB.BK,118.0,119.5,118.0,119.0,117.15503692626953,5077700.0
2025-07-15,SCB.BK,118.5,118.5,117.0,118.0,116.17053985595703,11137200.0
2025-07-16,SCB.BK,117.5,119.0,117.5,117.5,115.67829132080078,8329200.0
2025-07-17,SCB.BK,118.5,119.0,118.0,118.0,116.17053985595703,7410800.0
2025-07-18,SCB.BK,118.5,119.5,118.0,119.0,117.15503692626953,10825500.0
2025-07-21,SCB.BK,119.0,121.5,118.0,121.0,119.12403106689453,18861900.0
2025-07-22,SCB.BK,122.0,124.0,121.5,121.5,119.61627960205078,17912700.0
2025-07-23,SCB.BK,123.0,123.5,122.5,122.5,120.60077667236328,10540200.0
2025-07-24,SCB.BK,122.5,124.5,122.5,123.5,121.58527374267578,17991200.0
2025-07-25,SCB.BK,123.5,124.0,123.0,124.0,122.0775146484375,7764200.0
2025-07-29,SCB.BK,125.0,126.0,124.0,125.5,123.55426025390625,15439200.0
2025-07-30,SCB.BK,126.0,126.5,125.5,125.5,123.55426025390625,7418500.0
2025-07-31,SCB.BK,125.5,126.5,125.0,126.5,124.53875732421875,8584700.0
2025-08-01,SCB.BK,126.5,127.0,124.5,125.0,123.06201171875,8667900.0
2025-08-04,SCB.BK,126.0,127.0,125.0,126.5,124.53875732421875,7639000.0
2025-08-05,SCB.BK,126.5,127.5,126.5,127.0,125.031005859375,9017200.0
2025-08-06,SCB.BK,127.5,129.0,127.0,128.5,126.50775146484375,12299800.0
2025-08-07,SCB.BK,129.0,130.0,128.0,128.5,126.50775146484375,10189000.0
2025-08-08,SCB.BK,128.5,130.5,128.0,130.0,127.9844970703125,14214500.0
2025-08-13,SCB.BK,130.0,133.0,130.0,131.5,129.46124267578125,13727800.0
2025-08-14,SCB.BK,131.0,131.5,130.0,130.0,127.9844970703125,6935300.0
2025-08-15,SCB.BK,130.0,131.5,129.5,131.0,128.968994140625,5051000.0
2025-08-18,SCB.BK,131.0,131.5,129.5,129.5,127.49224853515625,7716600.0
2025-08-19,SCB.BK,129.5,131.0,129.0,129.0,127.0,7572300.0
2025-08-20,SCB.BK,129.0,130.0,128.5,129.5,127.49224853515625,7562700.0
2025-08-21,SCB.BK,130.0,130.0,128.0,128.5,126.50775146484375,10279000.0
2025-08-22,SCB.BK,129.0,130.0,128.0,129.5,127.49224853515625,5616500.0
2025-08-25,SCB.BK,130.0,130.0,128.5,129.0,127.0,7385900.0
2025-08-26,SCB.BK,128.5,129.0,127.0,127.0,125.031005859375,15185000.0
2025-08-27,SCB.BK,127.5,128.5,127.0,127.5,125.52325439453125,6553800.0
2025-08-28,SCB.BK,128.0,129.0,128.0,128.0,126.0155029296875,5963900.0
2025-08-29,SCB.BK,128.5,129.5,128.0,128.5,126.50775146484375,12954700.0
2025-09-01,SCB.BK,129.0,129.5,128.5,129.0,127.0,6902700.0
2025-09-02,SCB.BK,127.0,127.5,126.0,126.5,126.5,7189100.0
2025-09-03,SCB.BK,127.0,128.0,126.5,127.0,127.0,6360700.0
2025-09-04,SCB.BK,127.0,128.0,126.5,127.0,127.0,5878800.0
2025-09-05,SCB.BK,127.0,127.5,126.5,126.5,126.5,4884100.0
2025-09-08,SCB.BK,127.0,127.0,125.0,126.0,126.0,13228200.0
2025-09-09,SCB.BK,126.0,126.5,125.5,126.0,126.0,8948600.0
2025-09-10,SCB.BK,126.5,127.5,126.0,127.5,127.5,4417500.0
2025-09-11,SCB.BK,128.0,128.5,126.5,127.0,127.0,4586900.0
2025-09-12,SCB.BK,127.5,127.5,126.5,127.0,127.0,3714000.0
2025-09-15,SCB.BK,126.5,127.0,126.0,127.0,127.0,5581000.0
2025-09-16,SCB.BK,127.5,127.5,125.5,125.5,125.5,7525300.0
2025-09-17,SCB.BK,125.5,126.0,125.0,126.0,126.0,7027800.0
2025-09-18,SCB.BK,126.0,126.0,125.0,125.0,125.0,5677200.0
2025-09-19,SCB.BK,125.0,127.0,125.0,126.0,126.0,8456300.0
2025-09-22,SCB.BK,126.5,127.0,126.0,126.5,126.5,3493900.0
2025-09-23,SCB.BK,127.0,127.0,126.0,126.5,126.5,5305100.0
2025-09-24,SCB.BK,126.0,127.0,126.0,126.5,126.5,2601500.0
2025-09-25,SCB.BK,126.5,128.0,126.0,127.5,127.5,7130700.0
2025-09-26,SCB.BK,128.0,128.0,127.0,127.0,127.0,4589800.0
2025-09-29,SCB.BK,127.0,128.5,127.0,128.5,128.5,10481800.0
2025-09-30,SCB.BK,128.0,128.5,127.5,128.5,128.5,8028200.0
2025-10-01,SCB.BK,128.0,128.5,127.0,128.0,128.0,5515100.0
2025-10-02,SCB.BK,128.0,128.5,127.0,127.0,127.0,6215800.0
2025-10-03,SCB.BK,127.0,128.0,127.0,127.0,127.0,4312400.0
2025-10-06,SCB.BK,127.5,127.5,126.5,126.5,126.5,2537200.0
2025-10-07,SCB.BK,126.5,126.5,126.5,126.5,126.5,0.0
2025-10-08,SCB.BK,127.5,129.5,127.0,129.5,129.5,12225700.0
2025-10-09,SCB.BK,129.5,130.0,128.0,129.0,129.0,10435500.0
2025-10-10,SCB.BK,129.0,129.5,128.5,129.0,129.0,6033600.0
2025-10-14,SCB.BK,128.5,128.5,127.0,128.0,128.0,9509700.0
2025-10-15,SCB.BK,128.5,130.5,128.0,129.5,129.5,16009400.0
2025-10-16,SCB.BK,130.0,130.5,129.0,129.5,129.5,7014800.0
2025-10-17,SCB.BK,129.5,131.0,129.0,130.0,130.0,6848800.0
2025-10-20,SCB.BK,130.5,131.0,129.0,131.0,131.0,6481300.0
2025-10-21,SCB.BK,131.5,134.0,131.0,134.0,134.0,20751900.0
2025-10-22,SCB.BK,134.5,135.5,132.5,133.5,133.5,27027500.0
2025-10-24,SCB.BK,134.0,135.5,133.0,133.5,133.5,14762800.0
2025-10-27,SCB.BK,134.0,134.5,130.5,131.0,131.0,21487500.0
2025-10-28,SCB.BK,131.5,132.0,130.0,131.0,131.0,11092600.0
2025-10-29,SCB.BK,131.0,131.0,128.5,129.5,129.5,14301100.0
2025-10-30,SCB.BK,128.5,131.0,128.0,130.5,130.5,14428700.0
2025-10-31,SCB.BK,130.0,132.0,129.5,131.0,131.0,13536000.0
2025-11-03,SCB.BK,131.0,132.0,129.5,131.5,131.5,9089500.0
2025-11-04,SCB.BK,131.5,132.5,130.5,131.0,131.0,9264200.0
2025-11-05,SCB.BK,131.0,132.0,129.5,130.5,130.5,9691600.0
2025-11-06,SCB.BK,130.5,132.5,130.0,132.5,132.5,10345900.0
2025-11-07,SCB.BK,132.0,132.0,129.5,129.5,129.5,10331200.0
2025-11-10,SCB.BK,130.0,130.5,129.5,130.0,130.0,4187800.0
2025-11-11,SCB.BK,130.0,130.0,128.5,128.5,128.5,12469400.0
2025-11-12,SCB.BK,128.0,128.5,127.5,128.0,128.0,14431500.0
2025-11-13,SCB.BK,128.0,128.5,127.5,128.0,128.0,8391100.0
2025-11-14,SCB.BK,128.0,128.5,127.0,127.0,127.0,9757300.0
2025-11-17,SCB.BK,127.5,129.0,127.5,129.0,129.0,11285100.0
2025-11-18,SCB.BK,128.0,129.5,128.0,128.5,128.5,6281500.0
2025-11-19,SCB.BK,129.0,129.5,128.0,129.5,129.5,7823300.0
2025-11-20,SCB.BK,129.5,130.5,129.0,130.0,130.0,9709800.0
2025-11-21,SCB.BK,129.5,130.5,129.0,130.5,130.5,9429900.0
2025-11-24,SCB.BK,131.0,131.0,129.0,129.0,129.0,13388700.0
2025-11-25,SCB.BK,129.5,131.0,129.0,130.0,130.0,7415300.0
2025-11-26,SCB.BK,130.0,131.5,130.0,131.5,131.5,9824500.0
2025-11-27,SCB.BK,131.5,132.0,130.5,130.5,130.5,5107300.0
2025-11-28,SCB.BK,131.0,131.0,129.5,130.0,130.0,10079400.0
2025-12-01,SCB.BK,130.5,132.0,130.5,130.5,130.5,6250900.0
2025-12-02,SCB.BK,130.5,132.0,130.0,131.5,131.5,10396400.0
2025-12-03,SCB.BK,132.0,133.5,131.5,133.5,133.5,16907200.0
2025-12-04,SCB.BK,134.0,134.5,132.5,133.5,133.5,9864400.0
2025-12-08,SCB.BK,133.0,133.5,131.0,131.5,131.5,14826400.0
2025-12-09,SCB.BK,131.0,133.0,131.0,132.0,132.0,7379200.0
2025-12-11,SCB.BK,132.0,133.5,131.5,133.0,133.0,10551400.0
2025-12-12,SCB.BK,133.5,134.0,132.0,134.0,134.0,10834100.0
2025-12-15,SCB.BK,133.5,134.0,133.0,134.0,134.0,5644800.0
2025-12-16,SCB.BK,134.0,135.5,133.5,135.0,135.0,11249100.0
2025-12-17,SCB.BK,135.0,135.5,134.0,134.0,134.0,12750500.0
2025-12-18,SCB.BK,134.5,137.0,134.0,136.0,136.0,16051600.0
2025-12-19,SCB.BK,136.5,137.5,136.0,136.0,136.0,9723400.0
2025-12-22,SCB.BK,136.5,137.0,135.0,135.5,135.5,8473800.0
2025-12-23,SCB.BK,136.5,136.5,135.5,136.0,136.0,5498300.0
2025-12-24,SCB.BK,136.5,137.0,135.5,136.5,136.5,5740200.0
2025-12-25,SCB.BK,137.0,137.5,136.5,137.5,137.5,2245500.0
2025-12-26,SCB.BK,137.5,138.0,136.5,138.0,138.0,6433600.0
2025-12-29,SCB.BK,138.0,138.5,137.5,137.5,137.5,6846900.0
2025-12-30,SCB.BK,138.0,140.0,137.5,139.0,139.0,11895400.0
2026-01-05,SCB.BK,139.5,143.0,139.5,142.0,142.0,16659700.0
2026-01-06,SCB.BK,142.0,142.0,139.5,140.5,140.5,11563900.0
2026-01-07,SCB.BK,140.5,141.0,139.0,139.5,139.5,7782200.0
2026-01-08,SCB.BK,139.0,141.5,138.5,140.5,140.5,11225500.0
2026-01-09,SCB.BK,141.0,141.5,139.5,139.5,139.5,8376800.0
2026-01-12,SCB.BK,140.0,140.0,139.0,139.5,139.5,8275900.0
2026-01-13,SCB.BK,140.0,140.0,139.0,140.0,140.0,8446700.0
2026-01-14,SCB.BK,139.0,140.5,136.5,140.5,140.5,18070200.0
2026-01-15,SCB.BK,140.5,140.5,139.0,139.0,139.0,10935200.0
2026-01-16,SCB.BK,139.0,140.0,138.0,139.5,139.5,11794700.0
2026-01-19,SCB.BK,140.0,140.5,139.0,139.0,139.0,6285600.0
2026-01-20,SCB.BK,139.0,140.5,139.0,139.5,139.5,7402700.0
2026-01-21,SCB.BK,138.5,139.0,137.5,137.5,137.5,20675300.0
2026-01-22,SCB.BK,137.5,138.5,137.5,138.0,138.0,10205600.0
2026-01-23,SCB.BK,138.0,138.5,137.5,137.5,137.5,9031800.0
2026-01-26,SCB.BK,137.5,138.0,135.0,135.0,135.0,26944900.0
2026-01-27,SCB.BK,136.0,138.5,136.0,138.0,138.0,26832700.0
2026-01-28,SCB.BK,138.5,138.5,136.5,136.5,136.5,13969200.0
2026-01-29,SCB.BK,137.0,137.5,135.5,135.5,135.5,21207100.0
2026-01-30,SCB.BK,136.0,136.5,135.0,135.5,135.5,17194700.0
2026-02-02,SCB.BK,135.0,135.5,134.5,135.0,135.0,9870400.0
2026-02-03,SCB.BK,136.0,136.5,135.0,135.5,135.5,15943900.0
2026-02-04,SCB.BK,136.5,137.0,135.5,135.5,135.5,19036200.0
2026-02-05,SCB.BK,136.5,137.0,135.5,137.0,137.0,12803200.0
2026-02-06,SCB.BK,137.0,137.0,136.0,137.0,137.0,13212900.0
2026-02-09,SCB.BK,139.5,140.0,138.5,140.0,140.0,25596300.0
2026-02-10,SCB.BK,140.5,141.5,139.0,140.5,140.5,16245200.0
2026-02-11,SCB.BK,140.5,140.5,139.0,139.5,139.5,7477300.0
2026-02-12,SCB.BK,139.0,141.5,139.0,141.5,141.5,19030500.0
2026-02-13,SCB.BK,141.0,143.0,141.0,141.0,141.0,12781900.0
2026-02-16,SCB.BK,142.0,142.5,141.0,142.0,142.0,7369900.0
2026-02-17,SCB.BK,142.0,146.0,142.0,146.0,146.0,26000500.0
2026-02-18,SCB.BK,146.5,147.0,145.5,147.0,147.0,17915200.0
2026-02-19,SCB.BK,147.0,149.5,146.5,148.5,148.5,28356100.0
2026-02-20,SCB.BK,148.0,149.0,147.5,148.0,148.0,21553400.0
2026-02-23,SCB.BK,148.5,149.0,146.0,146.5,146.5,21390100.0
2026-02-24,SCB.BK,146.5,148.0,146.0,147.5,147.5,12325100.0
2026-02-25,SCB.BK,148.0,148.5,146.0,147.0,147.0,14834200.0
2026-02-26,SCB.BK,147.0,148.5,147.0,148.5,148.5,10055000.0
2026-02-27,SCB.BK,148.0,149.0,147.5,148.5,148.5,14577400.0
2026-03-02,SCB.BK,145.5,147.5,145.5,146.0,146.0,19336700.0
2026-03-04,SCB.BK,143.0,143.5,141.0,142.5,142.5,38985200.0
2026-03-05,SCB.BK,146.0,146.0,143.0,145.0,145.0,20882000.0
2026-03-06,SCB.BK,144.0,144.5,143.0,144.0,144.0,12502000.0
2026-03-09,SCB.BK,140.5,143.5,140.5,143.0,143.0,21252400.0
2026-03-10,SCB.BK,144.0,145.0,143.0,144.0,144.0,14470300.0
2026-03-11,SCB.BK,144.0,145.0,143.5,144.0,144.0,16487200.0
2026-03-12,SCB.BK,143.5,144.0,143.0,143.5,143.5,11631900.0
2026-03-13,SCB.BK,143.5,145.0,143.0,144.0,144.0,14333700.0
2026-03-16,SCB.BK,144.5,144.5,143.0,143.0,143.0,8322700.0
2026-03-17,SCB.BK,144.5,145.0,144.0,144.5,144.5,7812900.0
2026-03-18,SCB.BK,145.0,146.0,145.0,145.0,145.0,7868000.0
2026-03-19,SCB.BK,144.5,145.0,144.0,144.0,144.0,10620900.0
2026-03-20,SCB.BK,145.5,146.0,144.0,145.5,145.5,17786300.0
2026-03-23,SCB.BK,144.5,145.0,143.0,143.5,143.5,20969800.0
2026-03-24,SCB.BK,144.5,147.0,143.0,145.5,145.5,29536300.0
2026-03-25,SCB.BK,146.0,146.5,145.0,146.0,146.0,15840500.0
2026-03-26,SCB.BK,145.0,146.5,144.0,146.0,146.0,21691300.0
2026-03-27,SCB.BK,146.5,147.0,145.5,145.5,145.5,19175200.0
2026-03-30,SCB.BK,145.0,145.5,144.5,145.0,145.0,14098100.0
2026-03-31,SCB.BK,145.0,145.5,144.0,144.0,144.0,26620200.0
2026-04-01,SCB.BK,145.5,146.0,144.5,145.0,145.0,14560800.0
2026-04-02,SCB.BK,145.0,145.5,144.5,145.5,145.5,12702700.0
2026-04-03,SCB.BK,145.0,145.5,144.5,144.5,144.5,5571900.0
2026-04-07,SCB.BK,144.5,145.0,144.0,144.5,144.5,11981400.0
2026-04-08,SCB.BK,145.5,146.5,145.0,146.0,146.0,11712400.0
2026-04-09,SCB.BK,145.5,146.0,144.5,144.5,144.5,15757600.0
2026-04-10,SCB.BK,145.0,146.0,144.0,145.5,145.5,12989100.0
